-- phpMyAdmin SQL Dump
-- version 5.0.2
-- https://www.phpmyadmin.net/
--
-- Host: 127.0.0.1:3306
-- Tempo de geração: 21-Jan-2021 às 23:16
-- Versão do servidor: 5.7.31
-- versão do PHP: 7.4.9

SET SQL_MODE = "NO_AUTO_VALUE_ON_ZERO";
START TRANSACTION;
SET time_zone = "+00:00";


/*!40101 SET @OLD_CHARACTER_SET_CLIENT=@@CHARACTER_SET_CLIENT */;
/*!40101 SET @OLD_CHARACTER_SET_RESULTS=@@CHARACTER_SET_RESULTS */;
/*!40101 SET @OLD_COLLATION_CONNECTION=@@COLLATION_CONNECTION */;
/*!40101 SET NAMES utf8mb4 */;

--
-- Banco de dados: `calendario_ftd`
--

-- --------------------------------------------------------

--
-- Estrutura da tabela `calendario`
--

DROP TABLE IF EXISTS `calendario`;
CREATE TABLE IF NOT EXISTS `calendario` (
  `id` int(10) NOT NULL AUTO_INCREMENT,
  `ano_referencia` smallint(6) NOT NULL,
  `dt_inicio_ano_letivo` date NOT NULL,
  `dt_fim_ano_letivo` date NOT NULL,
  `dt_inicio_recesso` date NOT NULL,
  `dt_fim_recesso` date NOT NULL,
  `qtde_volumes_1o_ano` tinyint(4) NOT NULL,
  `qtde_volumes_2o_ano` tinyint(4) NOT NULL,
  `qtde_volumes_3o_ano` tinyint(4) NOT NULL,
  `revisao_volume_3o_ano` tinyint(4) NOT NULL,
  `dt_criacao` timestamp NOT NULL DEFAULT CURRENT_TIMESTAMP,
  `dt_alteracao` timestamp NULL DEFAULT NULL ON UPDATE CURRENT_TIMESTAMP,
  `usuario_id` int(10) NOT NULL,
  PRIMARY KEY (`id`),
  KEY `calendario_usuario` (`usuario_id`)
) ENGINE=InnoDB AUTO_INCREMENT=9 DEFAULT CHARSET=utf8;

--
-- Extraindo dados da tabela `calendario`
--

INSERT INTO `calendario` (`id`, `ano_referencia`, `dt_inicio_ano_letivo`, `dt_fim_ano_letivo`, `dt_inicio_recesso`, `dt_fim_recesso`, `qtde_volumes_1o_ano`, `qtde_volumes_2o_ano`, `qtde_volumes_3o_ano`, `revisao_volume_3o_ano`, `dt_criacao`, `dt_alteracao`, `usuario_id`) VALUES
(1, 2020, '2020-01-13', '2020-12-11', '2020-07-06', '2020-07-31', 0, 0, 0, 0, '2020-12-06 18:28:11', NULL, 2),
(6, 2021, '2021-01-11', '2021-12-10', '2021-07-05', '2021-07-30', 2, 3, 4, 1, '2020-12-07 02:21:04', '2020-12-11 22:22:51', 2),
(7, 2021, '2021-01-11', '2021-12-10', '2021-07-05', '2021-07-30', 12, 12, 12, 0, '2020-12-11 21:59:53', '2021-01-21 00:03:31', 2),
(8, 2021, '2021-01-11', '2021-12-10', '2021-07-05', '2021-07-30', 5, 6, 7, 2, '2020-12-11 22:23:23', NULL, 3);

-- --------------------------------------------------------

--
-- Estrutura da tabela `calendario_evento`
--

DROP TABLE IF EXISTS `calendario_evento`;
CREATE TABLE IF NOT EXISTS `calendario_evento` (
  `calendario_id` int(10) NOT NULL,
  `evento_id` int(10) NOT NULL,
  UNIQUE KEY `calendario_evento` (`calendario_id`,`evento_id`) USING BTREE,
  KEY `calendario_id` (`calendario_id`) USING BTREE,
  KEY `evento_id` (`evento_id`)
) ENGINE=InnoDB DEFAULT CHARSET=utf8;

--
-- Extraindo dados da tabela `calendario_evento`
--

INSERT INTO `calendario_evento` (`calendario_id`, `evento_id`) VALUES
(1, 3),
(6, 3),
(6, 5);

-- --------------------------------------------------------

--
-- Estrutura da tabela `evento`
--

DROP TABLE IF EXISTS `evento`;
CREATE TABLE IF NOT EXISTS `evento` (
  `id` int(11) NOT NULL AUTO_INCREMENT,
  `dt_inicio` date NOT NULL,
  `dt_fim` date NOT NULL,
  `titulo` varchar(80) NOT NULL,
  `descricao` text,
  `uf` char(2) DEFAULT NULL,
  `dia_letivo` tinyint(1) NOT NULL,
  `dt_criacao` timestamp NOT NULL DEFAULT CURRENT_TIMESTAMP,
  `dt_alteracao` timestamp NULL DEFAULT NULL ON UPDATE CURRENT_TIMESTAMP,
  `evento_tipo_id` tinyint(4) NOT NULL,
  PRIMARY KEY (`id`),
  KEY `evento_tipo_id` (`evento_tipo_id`)
) ENGINE=InnoDB AUTO_INCREMENT=7 DEFAULT CHARSET=utf8;

--
-- Extraindo dados da tabela `evento`
--

INSERT INTO `evento` (`id`, `dt_inicio`, `dt_fim`, `titulo`, `descricao`, `uf`, `dia_letivo`, `dt_criacao`, `dt_alteracao`, `evento_tipo_id`) VALUES
(1, '2020-12-25', '2020-12-25', 'Natal', NULL, NULL, 0, '2020-11-28 22:34:14', '2020-12-06 17:52:02', 1),
(2, '2020-11-20', '2020-11-20', 'Dia da Consciência Negra', NULL, 'SP', 0, '2020-11-28 22:34:14', '2020-12-06 17:52:02', 1),
(3, '2020-04-24', '2020-04-24', 'Prova de Matematica', NULL, 'SP', 1, '2020-11-28 22:34:14', '2020-12-06 17:54:47', 4),
(5, '2020-01-01', '2020-01-01', 'Confraternização Universal', '', NULL, 0, '2020-11-29 04:02:05', '2020-12-06 17:52:02', 1),
(6, '2020-11-02', '2020-11-02', 'Dia de Finados', '', NULL, 0, '2020-11-29 06:31:12', '2020-12-12 19:41:18', 1);

-- --------------------------------------------------------

--
-- Estrutura da tabela `evento_tipo`
--

DROP TABLE IF EXISTS `evento_tipo`;
CREATE TABLE IF NOT EXISTS `evento_tipo` (
  `id` tinyint(4) NOT NULL AUTO_INCREMENT,
  `descricao` varchar(30) NOT NULL,
  PRIMARY KEY (`id`)
) ENGINE=InnoDB AUTO_INCREMENT=5 DEFAULT CHARSET=utf8;

--
-- Extraindo dados da tabela `evento_tipo`
--

INSERT INTO `evento_tipo` (`id`, `descricao`) VALUES
(1, 'FERIADO'),
(2, 'EVENTO FTD'),
(3, 'EVENTO INSTITUIÇÃO'),
(4, 'EVENTO PROFESSOR');

-- --------------------------------------------------------

--
-- Estrutura da tabela `instituicao`
--

DROP TABLE IF EXISTS `instituicao`;
CREATE TABLE IF NOT EXISTS `instituicao` (
  `id` int(10) NOT NULL AUTO_INCREMENT,
  `nome` varchar(80) NOT NULL,
  `logo` blob NOT NULL,
  `logo_content_type` varchar(30) NOT NULL,
  `uf` char(2) NOT NULL,
  `dt_criacao` timestamp NOT NULL DEFAULT CURRENT_TIMESTAMP,
  `dt_alteracao` timestamp NULL DEFAULT NULL ON UPDATE CURRENT_TIMESTAMP,
  PRIMARY KEY (`id`)
) ENGINE=InnoDB AUTO_INCREMENT=3 DEFAULT CHARSET=utf8;

--
-- Extraindo dados da tabela `instituicao`
--

INSERT INTO `instituicao` (`id`, `nome`, `logo`, `logo_content_type`, `uf`, `dt_criacao`, `dt_alteracao`) VALUES
(1, 'Colégio Davina Gasparini', 0xffd8ffe2021c4943435f50524f46494c450001010000020c6c636d73021000006d6e74725247422058595a2007dc00010019000300290039616373704150504c0000000000000000000000000000000000000000000000000000f6d6000100000000d32d6c636d7300000000000000000000000000000000000000000000000000000000000000000000000000000000000000000000000a64657363000000fc0000005e637072740000015c0000000b777470740000016800000014626b70740000017c000000147258595a00000190000000146758595a000001a4000000146258595a000001b80000001472545243000001cc0000004067545243000001cc0000004062545243000001cc0000004064657363000000000000000363320000000000000000000000000000000000000000000000000000000000000000000000000000000000000000000000000000000000000000000000000000000000000000000000000000000000000000000074657874000000004642000058595a20000000000000f6d6000100000000d32d58595a20000000000000031600000333000002a458595a200000000000006fa2000038f50000039058595a2000000000000062990000b785000018da58595a2000000000000024a000000f840000b6cf63757276000000000000001a000000cb01c903630592086b0bf6103f15511b3421f1299032183b92460551775ded6b707a0589b19a7cac69bf7dd3c3e930ffffffe000104a46494600010100000100010000ffed003650686f746f73686f7020332e30003842494d04040000000000191c026700145f3337684c725f71755f6d5232316b6e64494d6800ffdb004300090909090a090a0c0c0a0f100e100f15141212141520171917191720311f241f1f241f312c352b282b352c4e3d37373d4e5a4c484c5a6e62626e8a838ab4b4f2ffdb004301090909090a090a0c0c0a0f100e100f15141212141520171917191720311f241f1f241f312c352b282b352c4e3d37373d4e5a4c484c5a6e62626e8a838ab4b4f2ffc2001108019f02e303011100021101031101ffc4001b00010101000301010000000000000000000001020304050607ffc4001a010100030101010000000000000000000000010304020506ffda000c03010002100310000001f77778200000009d51ea5e3423b22779f3a3c920016af42f17daf5132ccb2dc33bca0073a354fa178d2277993566ff0030004eb3fad79b91da799d539d1e41000d53e939b6f1a84ef34b70cef28000012b5ebb4efbcde4cb30e6ef3d35800000000000000000000002d7b6d5b659965be78000495e8d53e8baaf3779c9ac0001dea8f4af17e2ff0031de600002d5e86aadb2cc99bbcd000490bc6ad53e949ab37f989ac0000000459aab6cee99de5200000000000000000000000001298400000049000000000000000248000000248000000000000000000000000000000000000000000000000000000000000012400000000000000000000000490490000000000737875490000000000000000000000002410000003b7363aa0000001244900000049000000026d7a6d5be5b9259888000459aa7d0bc69cdde7cb319039317d20cdb8b3779eea800004daf5ea9f4a4d59bfce759c000136adc752dc270000003bd53e85ab7a78cdde74b3110003ad53e85ab7d8b73de2cdde73ba08000477aabd0b56e9de5cdde73ba5000071a3557a09e33779c9ac0006b3fb08ef55ea9de79d579d1e49c00e6fd51e8d8b6f1a73779a8ef3a7c843797de231a3c7b5ec9779c00096b3fa93aaf79fd49d552cc93ba659840178d56adf6bd563acdb8e5992598880001acfeacb326f3fb53aa336e24f32dc280178d4e7bbc6ab5ecc6af13556ecdfe48000d66f65dd3aa3d2cdb889cdfe5a6a006a8f4ceb557a126b9de6966296e440027547a52ccbacbede74792752cc69ac0bc6947778d16adf8d5e16aadf9bfca1bc9f4444b700cdde68000d53ea66df3f797dd75466ef39cdb2dc200b56f9de5d51eade6dc6bf0b547a39bfcc00003547ab9b316f37b6ee8cdb81132ec280178d56bd579d178bf17f9778d39d1e380013acfea4b72ef2fb39bfcd889663755003547a99bfcdde4fa09de6cdde6de2f96e1000d51ea5e34a3b13bc99d1e69c008b354fa16bdc43aab366196e11bc9ef26736f9b2dc640000bc6ab56fbc6813bcb9bfcd4d400b5ebb5ecbc6a2677927744b7cf00001cddaa7d2bc5e752dc39b7cf4f113e4d7a7abc59ed5b97b1176b3fac989de5cdde726b000c2782af47b356ce48e91d66ff00365b808005af6daf65e3489de5cdde7bace00490bc6bb4ee966596e120009226d7b2f17e6dc2ea9011d929ac000001165ab6baae598c800049cdbaa3d34752ef36779c0000009b5eb935bba08e8717fca65f4ba35e8b11c9df3f6db3c7eef7c39b5d670001c71d7cc71e8f1716f2737ce23eb74f94b3304000938bb556f935cbb09c0482001242480000253080000000000000000000009200009200000cc4fccd1e87cf67dda8900767bafeef6f8bb9e4026d5bb55eccdb86598fe5aaf4fab1b7adc48f53af3be92ec3c93c024800049002f1a5c6896e14f000000000000000000477aab7daf566ef3e598c000049c5a1d54000039bb54fa578d32dc39bbcf380070c77f198fd6f3ebbf401480f6afc7efdf8bbbdd15d6f37b04daf5e6dc487caf74fcfd1ae94a7a9666fb1d3e66aadf69f4135e6ef3a599080022cd51e9de35de6c9de5cdb8e5be7800008b3556f9de69de50000000039bb54fa779b2f1a736f9e759d3e4220008b754fa169dc999661cdfe7baa500116ea8f4c9d55b317f9978bf3a7c60311d7c3e3f63a1c5db800068c90edbbf777f5daafc7f5d6baab79bd7c6af16f1aba3de2f88cbeb65200fd0eda77664de6f5e77466dc89aa5b89001c69b1d5e345abd0c6bf03557a19bbcb0001aa7d2bc6abc69935cef366ff002d35800000073a2f36b9bb747a3c7afc1d55bf37f940016af46779779fd7431a7c8d57af37f9a800e6ebc6ab1dda3d1ceaf16d7af37f9409f91cbe9f8946cd000034641c9cf5e9e99e9d0fabd5c7a9582799de4cdfe675f9b3af166227e3b3fa97a8fa94fb5a3c8de5f727744b7cf3a96620039bf54fa378bc99de6233a7c94000354fa99b306f27bd2ff3a754ceab759c00000023bd53e95ab6a794d79b71cb7cf000b4fa49e354fa433779b62ccdfe6a20026d3bf557a470eb9cdbe74b318e87177c361f6e2390c141905290e589f46538ef8edabeaafc7df592dc52ccc88007cbbd4d76ecd53efd1dde74132cc59bfcf2b0003ad66f5ec5b9bbce96620000359fd52cbc5e2779f37f989a92400000009b56dbcdf9b713ace00009b56ed55bc9cdb825b808000178d2e2f96e44d407cc66f4be7b36e4b44320a0e429c67bf55dd8872f3d74ace17e4fa8dde280001f3b3ea4eeccf0fa5e7c9bc6c9353bce40000011298000000b5edd53e84ea9ce8f24808b135804daf65af4e6ef3dd520000136bd93bce9a8008b426a0000000001f1793d7f2a9d3a491014e489fa0a2fedc4880c4c665b89a773d4f9fef5b98008ead7bfc1ef666f9b13ea55e376a6900008b6d7aa599135800001c68bcdf2cc49e41240bc6ad53e95e34cef2e6ef36779b59bd9bcdd79bf3663774e6ef2c002d5bb556fbce8935cb3166ff38e000022cb5ed96644d20000136bd5f0f93d3f339eb60007ab5dbe8f3d7638ea800c751daeebeb5766b560f637f8c039b7547a962cf1afbf1a7aa9ec51e47a13e78009d53e95ab75e6d9dd12cc59bbcd000459aa3d3b5ebab27797366196e100eb59fd59dd5bcfe9e3479378d39d1e45af55e745a7d0c6bf0754efcdfe58006a9f573661de5f77377989e27743aa000354fa76bd978ba7554b3266ff002c8000b57a247c4e6dbe673dd80029f539f472448a018eb9faad39bb52f3627e633ddef7adf37a980e6fbcdce6df327d5cecbaa5579de9f3e10011ddab7baab79bd7e3d5e2eabd59bfcc200178d489bc69b56fc6bf0354fa19bfcb011dea8f5135ea9f4b17f9979bb17f91ba3d6bc6a22754bba337798001acdecbae2d5add573aaf37796eaa0013aa7d39de4de5f6f1a7c973d4b71a6b000b57a13bcdf2597d5f1ebb202407a1c77f4713eedd48f9fcfa271d8e3ef8fabd39fb253e2f369ef7a7e0776cce11dea9f4ad7b7cdbfbcecd961c3c53eb57f2a4008ef59fd7ae9cdb3ace4e74f8c4001c68d55e85e6f4752cc88674f92800e34ef3fac9818bfc97740d51e9b9be5de74ef280003ab46fd71b93c63478c9e00009d67f62c4b9bd35c9af3a7c9380007376a9f47c0ab4fce4cd4c86623313eb53d7dedf4f681e171df979b4087b1ab37b33cf0a7e3f368ee6ff001fd2d581004dab779cf49b3d1121cf47c9f6a690013acfebde2f9663cdfe6900001166b3fad79b73779d2dc44001273dde344b339c0009200000011627820000026d3e8eabd93aa33a3c92000003af269dff003cf48890cc33cbd4c767dadf9f12ef9e257df939f443893cc8006f7797eaecf280097439df34fd22046b3fcff7a7cd00008ed3c0000248049d1c00012080000000039b930eaa40000000000e8e40092178d527875491e7f1a3e6a3dae4eba4244621e8f9d67a1d71edf75f0f1df9155b9890000397455eb68ab3779d2cc440e946bc68fa724669f27d28f09165e354b319c800008b7547a378d72dc19bb01c000136bd9aa7d14592ef3f36e0380000022ed51e86aadd252dc19bbcf4d4000003abc689de6212400178d369f4355ed93c4b3166ff003ba31dfcd3dbe6ea60330e5c33e9e4b00000000e7d55fa96739bfcbbcdb9bfcb1d4e6ee2d1f58991c55e5f5f2f936add62d9de7cdb825b80001166a8f5511aaf6e6ff39c5b9d3e30005af723ad55b6f37e3478d6bd79d1e480000354fa79b316f37b29e71a3cabc6896f9e00009d55e85a77de6d9de7cdde6cb320006a8f4f3779fbcbef4eb3e6ef3ec5be6f55787dfb588724cee1c66298f63cbb80033d3ab6b28edd2dc4c3bbb28eff00718d3e1eabdd9bbcc4cf538b78b47d6264639e7bd93e7f9a79de7f578f5789aab66747940008b6d5b29aa7d3c68f1af1af37f920016bda46aadee2fc6af17556dcdfe500000354fa726bd53e9919bbceb1d66ef3400039bad7a933aa3d3c69f17556dce8f20003547aa9e2d5e81c4b32cef378fd75e577eb71f31c9d4e8871f31e9f8f6f24481c5d474b4b9b976699df01c17b3b79d67a3e86ecf9bbcfccd1d36ceb75ea73dde904c7568abb793cbf4a7a7374ef323ace9f140009b4efd55e91ca79cdde7cb30a48049cf7aabd0b56e399dd19bbce7540000009b56fd55bd0cdde74b7110000116ea8f4ec74e34cbb038b73a7c600026d5bb557a1e3c477b4795cfde7f9ee3d3ead9e871731cbd48d183b3e4f7dbaba0000071f6e5f62eeb5346ebf2bd6bf1f527d0e3b3d4e6b2f240cc479be760edf5e7fb6bef36cb32e6ff30e400012e345e344b31baa8000025c5f62d966320000000128b08755a00000045bbcdec933acd9bfcd4d6000022cf97abd1f5fbc5e87747c7d7ee3bba4352b2e49986eaefb783ae5a1400438b439fd4bba99b37979f3faf73b3b7d1e6efb0994011d5a29ea60c3eb6af33bf6e54769e0800000000009200000007441d6aadd2789662200092000bc69b56e96639664009736baa88049272001f2dc7b99ebbe58ab87bd5d6af9ecd9d5001c5447ada35f8b4e5cd31d8aa75cbbf7dfc9abbecdf679d871f91451cfa6ff00a1d9b13280008e0aea94795dfebcdecf548001d5ab6896e120000136bd9aa7d09de6cdde7a6b0000e6ed53e96aad93baa4d3aaf64eb99de596f9d3bce00009d67f5ec596bd53bcd3aaf3a3c839001d5ab6ea9f411dcbbcfcdb813c01e0f3eaf4bbde38e206396fa724cc3ad573d8c9c68e0b9d3b9c9db7c77f4fabd01e7e3cbe5e6cde774f5f468f7b5ec004471514f633d5dee72eacc79bbce000b5ebb56eb5eb4a77925d86779000359fd74f3aa7d19de69d559bbce7540009d66f627746e8f524f18d9f3bbc9efcee8cdde6de6f966100004ea9f4a779b79bdbc68f1ef36e6dc09e0016ade46aaf41cdb9d3e3daf566ff00280e973a3e7faf6f24873f53931118e529e3d3a23c897661cc729d5edd0d0f76edf9cf479f9b3f4fa701dfbeefa4dbb8651c74e4ecd7e577b9e759fd4c6bf0b55eecdde50006a9f4b3760de5f6ce71a7c7d55b73779c001aa3d4cdb87797dd96e09de74f13bcc002759fd69de7de7f5675c4ef25e3589de59663966400003547ad78bd1da62759f3a3ca39005ab7a6bd53e922dc68f1755ecce8f2d0cbaf2ebd3e43d2cd97724c81c711d2cfcf2d3cf6e1de3cc9719de86c8711d5975a5e972f23b9df53f59e87a19af0f66bf23b8cfaa3d5b16a3a9dd088ceaf1d0005ab7de2fbc6b13bcb2ccd2cc20016adfaaf6b9b499661cdde7a6b000b5ebd53e9a24ef3a3c6b4fa69af37798eaa00000256add6ad93bcb2ef3c00022cd53e85af69ccef3e6ff393481c51678f1e874a7643adc4f5ab70d7141d646b98ef27d087465cf0e738e5e54bd8e5c32f3fa9e59e3ebf4797deef3004eb3fb178bb3779f2dc24000071a354fa4466ff0035d50000039bb556e9dd12cc64000049cd978d2eab9de644900000000248000001244b9bef3dcb32a61001240489f81c9ee61d803275e20739ea4394eb1de8783d3e8f9789d3dbbb0fd05d877cdf3bcc4000e8e52400000241092012400000000000000000001da25358000000490248000178d178d19bb11c795c69f92cbeba4001d788c9b973a7b10f43981c12edc3b5a7cef765aabd0bc689d519bbcf96e1200001378d13ba08200001378d5aa77cb32e6dc27200009bc6813bcc00000000077aa77dabd0bcf59b7066ff003d3500003ab56d755cef20000459aa3d3bc6abcdb3bcd2dc5f23c59e4d7b000060e0882349e799b0f5398e874f7e68f7b6791aa3d49de6de6f631a7c9bc5d9bbce4f000178d7aa3d1bcea934e6ef3e5b808000d67f5c9d55ba779a4d79bfca755802f1a6d5bf556c19b71e6ef3dd6700000002d7b48b56fbcdf8d3e26aadd9bfca00266d5b2d5b755ec93c4b3266ef39d5000bc6845979bad1e8e35f8329f47e038d198e8080a0e387122165da99f43aefcdaf8fabbbcdf62fc5acdeca6bb5ed96634779d3e41c00921acfeb66dc5bcbede6ff0034e65995d52001aa3d4cdb8f793dcce8f30e27743aa0016af4a598779bda231a7c7b5ec96f9c00000005af7589b56e73767478f6bd79d3e522004b59fd3cdfe76f27d04ef2cb7cf45b2cc4007376a8f4ef371d4ef37835dff329000e207222a47044625f4baf5fafa3479d9e8e7e3c3f6acc08b359fd6b1649e737f91c7d57d7e6ce37794f19d3aedc71bf894fd371b39fbcd279cdde6baa4002d3e96abd68b04b31e6ff0034e00169f4aa6d5b84b30ceb996f9c0000000136addaa7d24f33bcb9bbce4d6001aa3d33ab5ec22779e5b867794000eb59fd7bcdde2ce7f95e34448021c45345340bd4fd8fa3e8a650cc7329f2b979f3f13a311bb8fb714f589e629e39a311c75f8ebc9c5af9bbebb9df7d6a68fb4ebaece9f19d52000038d3aab74ef3cb70900002d7af54fa6466ef36599003a4c220248eef17cef310022d7363bce4000026d7ab54fa5278cdfe53aa80000075f1597d7e9737120085001908f5b468f7b5eb2402008e731cf1aae28a78a28e35198e3a94f5e565d5a35d4fb17e9eb579beb2ff001bb13480092000000116109e01d83808bb547a3aaf6c718d9f3c4eaaf46d3bac5b3acf9bbce96e3400011deaadf3bcd3bcc1208e8e40000000f88cdeb74b8d5a0000000588f6bbefbbbb676bbb0900111ce639e355c714f0a8e1e6956ed517f739e3c471e3f1a3b96d9c711da9e3ea2df1bb5dd277aa77de34e6df3e5994800045baa3d0d55be75ccb7066df3d3c00359fd89de6d67f593ce367ce39b6f1ac9d67f4f1abc4d55bb3a3c8000d55e85ab6de34ceaa9de5cdfe626b002485e34de3566dc09ac04bafc77f9de4f6c9e5972a4000003531e9689dd793d9b76f5eed9cdd59c9224893198e3adc5378c5cd557dce68ee71b15e8c69f1ba74fa3f0fccf623aec4308f46eabe9aef3354fa779b2f1a736e019d1e40006a8f5336e2de6f6e4d32ef39164b7000359fd79665de6f5e755635f80e6dd53e9d8e9ce89661736e74f8c001aa3d4cdb83797decdde73aa64f0ef3001166a8f4ef1aaf36cef2cef2e6ff00340f9ea76fca51e90151cceb720001be9debe7ad451f73a7c6dd1ea753aa7c6cfe8f1dd676f56ae457c9ce2e4e70772726e79b5ec16adb78d38d3e278bc7a1f2b4dbcf13bebae197b7653f4ddf9a8b6f175abd0c6af07556fcdfe58006a8f56779759fd87554b70425b8000e34ea9f4ef3d5e6fe3dbf34116ef37b2899de6ce8f30e000359fd63abc694f3269cdfe63aa400e6fbcdc8b359fd3c6bf07556ecdfe58f0ead9f3347a7c10c012e68719cf3340352f4f4cf8d979fb2d1e57a966571a354fa579b7a5cf7d8bfcdd5d88e000776adfaa779ccee8e3b7cfea1d5e6d27d0ef373f5522cd53e8daf690eaacf78e5de780023bd53e8daf526736e096e020004936bd6732cc8012e6d7551000005af6ea9f4a754674790400022cd51ea5e2f3a9de739ce8f2227e0b1fb7c6b071c47083dde63c6972f5d500f63675e3e5e3b8a7edb578c124756bd73aa9d504000025cdf79b6598c8000009b5eebc5f9b703aa000000e343ae13500000920000000000002480000013acfeb5e6fcdde74b3191d0e6ff008cc9eca404471438cd1d89903d5d53d0a63354279fbed9e190000000000024800000000000490000000116a6b20000000136addaabd09d66cdfe726a000000049009200f9fa777ced3e900001eaea9f2b2c0eddae5b271979eef2f2fae3ec75f93dbea9000009bc69935baa40000009b5eab5ec96e19de6000075aab75a7d14d59bfce9de4000178d3aa7d1b5ebcf79fad6f9dcd6e4a8000006b3fb13aab74fa79ef2a6bcdde73aa00000bc6ad53e938be5be7e6ec09ac01f279fd4f26bd800007b5bbaf130f3b97afb3af0b171efeeefcfc7c793c4731f737f9ddebb10005e34da7d0d57b64d72cc79bbce75500003ad67f5af36de34e6cca9ab3a3c8000d67f5a779f79fd69dd19b32baa6598800359fd79666de6f5f86ef3be6abbfded3e4f67bad1000012d67f565b8b593db97609dd29aa77980005e34daf5a2dd55b31a7c8b5eace9f1d003e2f2fb1d1e7400001ea6b9ea511cd63a5547a1775e6d1cfb3afbf27271d0e239a79fd075f8dcf3c003547a99bbcede5f7e779b36f9f62d966100007769daeb9de6f5b1abc4bc6bcdde61000d51ea66dc5bcbee4ef2cb709d4b712000d67f61de7d67f5316e1f9ce2cf7f4f95beaa000012b56dd55bdcda4e6dc12ef3ce00005e34b9baf1a2d5b73abc5b56cce8f2401f0993dce08b00000ed5cef5dd78d8f9e6eebf6365de664a7abc77dfd13d5a63cfadf49760fa9bfcf006a8f55d5769f453c4ef2cef3cb3100003ad67f56f3a1129e2759f3a3cb2000e34ea9f42f37a3a96e1cdde7a6b00071a354fa763b477e05983bd664ef77400000022db56e759e599530800003ab56ed53e9278935e6ef39de5038e3af80c9eed480001c9dc7a9abbf271d5deb6bec5fa3869ab8b8e7a555bea6cebcdcdc7d65de5fa966500136adfaab7c739bfcb7798000002d5e85af54b71cb3080000776ad93aa5de7212400009bc699d53e2d7a7d0ef3f6baac80000000000000024e345e6e96634f2801e6f1a3e3f37b000000ef6875a98ef4718b78e5b6ecf1ce39afbb9aef1ac7a5afbf52af1fd8b7280004589e4e4000000120800000004900000000003fffc4002f100002010302030803000203010000000001020300041112201013212223303132335060144041053424427090ffda0008010100010502ff00e471ff00c0def615a5bf5a491241e1121424f1b90ca4fd2e5b88a2a9ae249b8a3b234132ccbe031215e572a3b7480e2360a3e9048027bddd0ca629010c3c095409414ae69591652a61bcd2159587d15dd6359ee1a6f02d6e44616e616f027eedf1b2d24d12fec63e3188559e6699fc156eb2662586e95ced9a212a1054f1f2a460c9e37f3e52f26d6fe12f96a731023314bb9a289cfe2dbd7e1dbd693ab96f562c747c80fd2b89397170fe6cc8d8b9c479d2d6ee164c66de5e647bff00b509d32fd0afdbb543788dcd72a5aea2add711329d44a8a110a8b304bbdbd747a7d0ef0ffc8dcaa5992355e2403c1b380805100d100881895dce3bdac5427316fc7c7e3c3bbff6774002af353767af26e719a43a66dd27bdc21f3fa0def4b8da06a28ba573590763671144b12d5cc3cc463d807236c9ef701d25fa0ff901deedb65cc91c6d332db5bad3db40f45591f831c533b09380ab73dd6d97dde0fd07d06fd463158ac563841d9861411c5c2f1789ea2de7e94f22a053d60f3db37af87f21398fe8179ece2b158ac562a25cc103f3228a168deaf0f034356d87dddb38d917abe8173ec2f971c541edc72342cb7511a7b9a2493be1f776cfedf15e92fd02e7d83d1b64470fe1dbfaf6cfecf16e9f41baf648c85f2e3e476920519e314274340e78dbe397b67f678b0caa36a8fe7eefca879f123214ea5e2c5ab92cd420414140e2ddaa311a8e571c490073c53079364be9b6c68f9c8a4ee63f6eae5c19a879ec87d3e016c522e90cfa85ba990bc88b45e56ad033b09c024e2dc697f9c538ab67d51548753e9a0180cbd76b8c6b96d456ba1dd92d4aa168b73299f9afdb7a440a374b448d70a11f3b20ef01652f23c82b3a4ed463ac4d1d4ccbcc134a285c3e4dc1c05908e52f02799534baaad146adfac67952bb24491fcf5c8c4bc18e280c0c15a0c0f177e83432e9068c06882b49ea18d5c18f32a693550ab4f5ed0ccf420cd00aa3e7e74d7183904e282f5e04035a0508c3d1552ac8f132bab57f075a31ad49905278d9093254d252a647f2dcf7dc09000d6f4205fa11ce3f2802e4b385036160b4642684aa02cc9429e1a596ba575c764aeb11969d8d2a66a6ecc34a74b16503bc6a58573f4464570d6ce288715daa672a4bb9d84628332d2cfd74a4a312445655a7f4dc0e9518ee6e0f6a951dea18446bf49fe336b6d8474e0b4938a6801a8a33cd6c350c9a03ac87549059d0000fa55e3e98771f3a07ad248c951bae96a8f499cb616d6db47d36f1f32ee23a70071c7576633a5d17327d3090aa4963bf4ec5ed19629123fe5a7687d32f66eced22b26b3c48e16b1695a92dd5aad7bb5dc594573e1afc98abf292bf2857e7e68dd5d525f480a48922fce5cdd72f766bad60d6915d78a47aa4e24020174ae78ae6c95aa6ac35685ad08364be8ea087707027a8e4789e199255f9bb8189f6e06ec8ab41daf1a6f47f68120bac6ea9a8323871f357926a9c1cf87fdf6caca09f0c9028076afc477a4b3816af21d0ff00d67cc9d098a67cc726bf9991f971f00de10058b388eada0e6128e94268cd0743b8ba56995a85b134b0c49b2e0a72b1d674d2668d024da4181cb3fcc5fbf77c72450237852c58888411f3a5e0f0abd491cab4ada489a3ad64d6898d7e3a505551bae5487f332bb31935699301ada17d3f2f77394e046c58dd875143cb880589c4286ad61e5c7b3f1e02c02af867042410a16b38cb7e1c5a84718f9977d6fc0af18658c46eda9f600b0a331636c81a6fa6dcb69836e9e03cf8c2981239919a368e9090ff004dbe6e9be651cbe1147a8cef50e015ed486411dc45324cbf18648c7c05e9efb7af790d052ccec224a465914eb838248f1bc13a4cbf14cc008cb068b3cafdeb9ff637db9e92ae99212aa198b372168120ab2cab24457823b46d1b874f892011965231fbf29ccbbe1389275cad2af4ff00b15cd7504ca1a365cc55fe39fe2e574061ce3f758e95f01412f33e9555c9a5f49f5150d5835060a491e9782d521f8b780b4b1ab2fef5d9c41e0403ae4c8ec9cbe0be87f7282068baa3b6258ace5d71fc6fffc4003c1100010302040404040504020104030000010203110021041231411320516110223071328191a114233342b1054052c14350e1245362d16082f1ffda0008010301013f01f4b7a18869c6f29396359dc0a69a408537649a2b73891c394f5a75b4afe2f846d41f6194f94c8d80da8992aefcb84c421b052ab521a6944949958df6a714a48b3798d1ccb6fa13d6a1865765411ad629e0f39e51603970ee06dc0a34ae03ca199533a0de69092da0ee0691d29b70ab5494f4a7196eea708cc7435897d05be18327edcbbd715a79b0330ee0f4a69a4a0cb7f091f3ae29e265e19f7da9d6839f17c207ce683acb083e690740289927df9708fa12828260dfda91876e73248ce3e94e2ca13f0e63da9633b7ef1af4a4b6d32e485011ad629d4b8e7974f499c496c6522514d38dbc83e5809ff54e0714064546f442540055cffba731494b87f2fcc9b0a71c2e2b31ff00a16b15952949d0199afc40c8a566b4803da9dc609565120efe830f9649b4834d6212a2da73759a7316004de5537a7165c5951104f3a094282a34a46302b887e13b0da9c7c26731fd93f334f3e5c4a44447dfd06b14070d26d1bd71c642a9b03134ee307e625370af430eff000735b5a69e0ae1de6c66978b09cb79379029c5f11655113ea21d5a260eb48c58b6611088f9d2f14b21394411bd1927fedadfdb5e7fb1b7ff0099b78775cd05ba9a730eeb7a891d7fe88024d84d6fe8a50a51f289a5e1dd40b8fefdac238e6d028605a8ea7ad3b82713f0f987de8820f7e6436b70f944d37811ff00219ed4bc2b2a1f0c7b53b83711a5c55e7c4440f6a510019d29d618500af849e94f30b64df4ebd79ef34d60dc56b61f7a6f0cd36349f7a7708daf4f29a730ce37a891d473804981734d6054af8cc0e9bd398120790cf634a42926e23d14a16a3e5134de06d2e1f90a436840f288a7186dc0730bf5a7704e2672dc7de8820e90795292b3091269ac109fcc55fa5361b03c834b78398761d04e846e29cc3ad0336a9eb57e64b6b59f2a4d3581ff0033f2141a6d232848a7704857c363d36a71971bf8873b78771c3616ea74a6f04da4798e634ee047fc67e4696db8d9f32639c36db2d85c09b4cd35890f39953603ad5a29e7834474e9bd24378a04c08fb8a58caa23a1e4c3252a79b074a79e1873006bfb6b0cef10133be9d3c178ce1b8a4ebdfa53c86d5872ad4c6be2c399d02c6635a7dcc88363314d2ca5c0a9def58d505252608b9e7c1213c22a3af5e95f8d33966dd77a1102b10bcad1331fcd338a2eac2556f6deb1c94a5c1946a3970cc879464d8505b4c4a6003b6f48566015d6b6a2f34e0ca402ae958ac3068029df6f4308521833debf14a2427f64e9408205629612d1ebd298c415b812bb8db6ac7471131d397091c606b14f152e126075eb582773272ab59a5282419d29c797c4266209a71d0bc29eb039c9434c03a5869d698c4971d4e7b748f0c53c5b2de5f8afed586743c4cebd36a7400e2bdf9706cb6a41511e6dba57e30593be93b783abcad954c5231097c84c47bee2b16d25b7065d08fa72ef5890ae00bf96d5854a8ba32dbbd5e2e6b1a973302a335810b9541816a77f51cf73c985fd61f3ac5b6a4ac6e235ac136acb9a604cfbd2c1524898ef4f20a5c22b214e10e6274d3c414a1b1b014a295b677046dbd2709954951b89d37ac7ac7953371cf866f3b06fa1341b595e58bd36de51acd629a2a413bf4ac3b654e8da3ed58d012a4fb72e0665ccbaf7d29e9e2aa75ac267e18916da9ee264397a1a1323acd62f3f0539bafa185405b17eff002a0c2f36969d76a42024796b12d254dab636bd30c2b8a33dbfdd63800e27db97091c71f3ac4e1cb8e79358bcd619b096fbc99a052a1d69cc2952d4a4fc33bd3c129c24692073bcd66c382358158668a9cec37a0000074ac6326ca4c9d66b04d4924e96a7bf55cf7e5c3254ac398546b506622f34d85003319ff558b42cb660dba561c12f272ebd6b1b39d379b6bcbb52712dadb095188ff54d21bb29bb03f7a529c0e59329dcd3880af88ca46d5f8861a072999d074a512a513d4f236b2dac286d4314d2d425264da36a09099bebf6a6f8d27311da29d2db69cc6f269dc502de448b753e21c4ad22c0c98a2e25b498b0062b10f92e7915688abf3b1892d02225269971b782931006f4b0a527f2d5144052025464ff0034ee21b6dc232dd3a53aea9d5663c97ac23a96dc39b4228b4cbae1512331d237a1286f4981b5216569d083de8b0da482480bd7b562df438025264837f41a7dc6b4d37074ac3bdc50a0a48817029690e80331137b579602499069ec5a92e28000c68696b53865464f86f48c2b8aec28e095165cd2d0b41b820d378876532ab4d7150acd17004da901b41394412335625ff22722a0d8c52dc5acdccf3005440a0eb886f2b89948e9b45216971295a841da969595821c80351472933b81f4a38db1ca9851d4d1249277e5c36243632a858ef4d861c9ca7cc3f752cb90325fde882a441304d29cc3b4b3b11a8eb5887b8ab9881cede28a529491607e75f89494b8a0ade9dc6195641af3de6918b32730d445a8e2d0922f3e48f9d38f2d69093a0e442d69883114a714a373e921c5b6652629ac58fcb0bb44dc52f166004ec75a24a8c9d4f3b2e70dccd14de252a06f049b0a75f090e0cd71a5621e0f285a001e90241b18a6f145253984e516a5bee280bc01a46b579f06d871cd2dde9a610d8ea7ad6fe0b4058caad29d68b6aedb1a4aca7434b7dc51d62d16e9ce900a8521b4c9ca8d37a4b57a4b59818dab21283a9eb4ee21c513b6c7e5e834f2d9988bd358a41e18988066978bb262e41a5acad4547febf7e6bfa0012440a67083573e9516e575b0e208df6a50209075e400a8d8535815abe3303ef4708c6588f9ef4ee09c4fc3e61f7abcee08a696a2c13b9b7ca9a03860cf987f159ca564a692e14e6efb53b85cc4a926e7634a49498508f1124d857f3e8b58675cda07534bc02a3caa04d2d0a41f3083fdca10a51f2834de00ff00c87e42978465434834ee0dc47c3715be9e821a71c3e516eb4e32e367cc239ef4db2e39f08b7534d609b4fc57345a6d420a4453b813ab67e469485a4dc472a1056aca917a6584b43a9ebe86270c56414ebbd298753fb3c122481b1a5f0f0c904081b8dcd30ff194adada783d89e0b9d4469595bc4365460f4ea29b595b694a76b1e5c4b614dcee3f8a4a14a3e5134d6049fd431d8521a6db1648ff74ee19a73683d453b83711a79855e795a6cb8b09eb4969860f987ccd36b0e0262db77f05b8d2a52e01ada69ec28e1f1136de0fa0db4e39f0a669180b79957eda53b8475bda475157f5184053a949d29d753872205a34ac3bbc504f7d3a78398b0db853aff00aa75b438c15ef132399a656e9f28a670aca46652b347d29196065d28e5839b4a770aca86649cb3f7a75971a3e61ffd1e5620bcdfbd621ee091975368dab08f710ab31f3783d8a2dbaacb7f7a9439852ad641d76e4092a3035a6590d27befe90d456270aca84c452f0aa6d693aa6456350a001264560d0a528906001ad5e0ed58a4290e5ef235ac2217c226605edd69a74b6e4edbd021401991c846a2b0c021a724684d7e296484fecfbc5022045eb12b0968f5b4531892e3890bf94563a3882371cb859e3a7e758b52cb8330881615812b888913f4a513161269d9e22a759acce2b08645b26bced6191c30e2bcdda90f37294a2fd7b783ae06c0b58eb45b67104e51f31d69d470dc29e9e9e1bf5dbac621495893222b0485c154c09fac5104a6c63bd3e8525c337ef48429384327f6695b72e094109513a53aea94e1330298733b63a817a7dd0da0f5834dbab4b80ccfbd63541484c753cac7eb37ef58d64a48ca26b06c982a55af44050236ac43452e18b834db5970ca27583f2e4c2b3913988b9f4c695c554106e2b716ac4042405192914da1339936076da817789a0cbf7a7037e65aae00d28e29b4a0844927aede01d7123caa815f897bfcabf14f4eb522049dab327ad6442d27ad2585e7098813aed484040ac53214d93fbbdeb0cc92e8910075deb1a025c481b0e56161b752a3a53adb6f90735bacde6996f860a76fe69b74384d888a730c8592a598bfd69e7509c3e4919a220736d4b2e7e105ad92999e226359b52663cdad638aed2204dab06561c397a7cab13facaf4db594282bbd7e258708cc0f48da909099bebb74a47164e6000da29ce1360a9426ff004a77149e1f0d127b9e6c044b97a5614a96542c99f9d37950d8d846f4bc8a6cee229384295254af867e758f8848e9ca9252411ad271b712df9b49ed432e6b58aafef484ac2892e483b53ab4b6da9c02669cc51292948849f161be23806da9f50545e8a4c50bcf4e94b78b2ea4287946915f8a4e40666ff6a7312a505245924fcf9b61ec2a28b85b428813dbb530e87828148ca2960b8910e47f35e5ca94a8ccdbdc8a7b1452e1194129d0d38e2dc3995af324e5503d2f4de292b26f16b03d6b8a001300144fce9fc4871b098ee4fa0d3adad8e1c8cd1107434d30da5414d907af6a5bb94819499e9b53ad97004edbcd37c160a8e6111f39a7961c714a1bfa97917a6f1867ce368b57e29b486cccd8da9c7d6e272fed1ce0906d63586c49e27e63968deb3a168198482623635990da0e516062b13895713f2d568fbd1249d6fdf9dbc4b8837bda3eb5f8b80de51713ad2dd5ac6b69d36f1deb02910a57cbd183d0d41f0401145273035b5040bcef58b64a9b9dc7dfd06ff4d3ed5145363de8152498306f4de2c8233090911f5a5e256a0068049ef573bdfd1249893ede933890db653a5f5ae3039b2904003eb4e62d293acc8d369a24927c784e466ca6392093a53582715f15852f02dc794c1a71871b3e61f31e800546224d2302ea86b1da96d38dfc498e543ae222fa5e96ead64c9d76f5f083f24779e7024d00078daad4662a07cfc2d58a6b86e1e86fca94951b09a6b024fc663b0ac813091a565acb4fa72babf7fe79db69c70f953ffd51c02f2fc427a52db5b67cc23d16f0ee386c2dd69781700f299edbd10526f63e327c37a6b0ae39136069ac332d9d24f7ab7fe29dc2b2e1e8aed4e619c6e6d206e2be55f938622d6fa9a65de20276daad4bc5210a295d3d876cb65cd0eb6d0f337841942d66c7a6b48e0b70948127e7e0b28b661634e615b715f9660ebda968295149d473a1b5b87ca2687f4f31755e9c61c6cf985bafa1069ac1b8bf8ac3ef48470d3946839d161359c7315015c5ed408358f6e5b0adc723280b71293b9a7168c368041d86b4c3bc604cfcba545cd65acb58f465702a351ca012691856db2388499fa0a6d69272a4586fb782d6dce55c7ce97844a81537b6c77e669b2e2c2749a432c327cda8dce869b5850b69b782d4cae42c09e9bd3b85ca8e2274e876e447c62b16f04a539751f6ac23c78878875dead158a7cf13c862c2e2b0ce85367fcaff003a3aeb58ccf9c663b560439063e19bcd2b34796269d90e2a759a4073f086f68f9f2da9c7549c3081b0bd30a2975314932274ac6b84809823fdd60dc5249b48e9589fd673df99184424254bf375e829b71b9096f4ede0e38949f30b1d6958669e2725ba1d8d105248dc7360009518a731652b5253a49b9d69b214da4f6f9f38d0732cc0f1060d3802db3de8889ec7c70d3c66fdeb1a952569933235ac0a177330269bd4d45457f5247e50574e547c69f7158d71764c40fe6b04b5a5460123a55e34ac5294a76e23b74ac238be114c1204dfa56fcb84fd71f3ac5ad4a72f6006958152b2e583aebd2964816134e125c5759a5ad4bc21916817ebc88f88749ac5b414139753a77ac2b1956738bc6956ac4e1ca9cf26b1715856c21b33f15fe54ad4d297877882a36e9bcd368c808db61da9b5a944e66e06d4eb4dce6748ed4f3ed86787398c45b4e649439860917b453585e138957c5fea96eb695004dcd621ae2048fbf4a61a0c155fff00da9e5053ca2373cd8a5af8004426d7ac29525d19449e94263bd6354a2b1223a56056b9205c7f14efea2bdf9b0490a0e0da9d6941c29fa5348c8da473205e96bd855fc10acde2bf87911f0d625195f57bcf8b6b2858574a38861c82af68a4202498363a0e94c71331cc23a78e2519d87076adf9124050f714e843e94c1b75e95876782488f9f5ae2a0b9927cd4f61c3cb936006b49cac304131ac77e6c32d2879255a5e9d650fac198b588a651c34111004fce9b750e4e5a730a14a2a55bb4eb4fad09c3e4d0c69ca8c53c91133fea9b712a0de85445646f899e4ccc6b69a75d0943844050b5f7a5e25c58898f6dfc0120cd378d0a579ad6fbd17d2909956c7eb4ee24b88098f99e70483ad31894a5bcb3e69b4d15a6556988a731286cdced6f7a2b266e63a73e66de600b6c0ceb4cb01a5ca6e08b9a2e84ac260c9a799e2900e9d77a68378706e23aee69673295d27999796c9b69bf7a61f4bab29e1c03ad796d9741cc8f849adfc51af8ed45241abd4134205abfa8001c1dc726f4de30cf9fa448ac33a9516ef262fe274a7d191d713df966da9a6b149570c4c5a0cf6ae20806352453f8a494388d544c0e914493df9d0b29526e601a46290a2a8360244daf5c5008dad3588c48710903515bf7e642d49320c457e29cc8045c199ef4a5a9464993bf2dfd1bc50716010146fafa3f3a671412da53a1075ed5c5b28eb047de9dc5252549d6d68abfa0925241060d615f2486c8ef3cc9f8239100cf2c0f1fea42edfcf9bfa71ff00d40efe3b57f524657c1ea39f3aa0266dcf7e9c8a5a95aab9af441e9eab6cb8e1f2a67ed4e32e367cc9f5f32a226dd39af4de11d58d23de9c61c6cdc7cf6f1c37eb26869ca8d2968ac8ae941b34008f41680a55c4d38c34e0b8f98a7704e27e1b8fbd411a88adbc30472e21be4fea88fcb4aba1f0436b70f944d1c0bb966ded452526e23dfd06d971cf85269ac0a05d573d36a2cb64470c53b813ab67e54a42906149239af3d69ac138b8cde51f7a6f0edb7a093d4d2db42fe200d3b8131f967e46948524c2841f45a65c78f94586a69ac3329199473508811a52a20e6d37a770aca80524e59a75a5347cdf2f44254a36134ac23c9131579d39d9c3174154c0eb4da30ed26753f7f059481274fad3b86616465b13d34a75a534a85561bf593ef5bf2a353ea7ee34b2024ed6a18b54e53f0f59bd63827869317f1c3feb37efc98b6cb8c29348c22124711533f4a6cb72529b01d34f07384a252a03e74e610415366c363ccd005c4fbd621d0c65cbaec36ac2bc5d2a275fb783f8a2dbaacb7eb3a5272bac2af3626fb1e6c0c710f614fe24a5c296cfbfbd615616d0ebbd288028625531fb274deb17070e9ede8e09612954f514e3ab2b2662f4cb81691d40bd621c086cf522997549705e44c56396161b234bf38054637a6f06011c437e829b0d2494a4447838d30e120d88a730a402a41948faf3615650c1b4c9359d59f36f34dacad3a47fbac5ba52d94806b0ce143a3bd634e6536622d585bbe9e6dc56fcd6acc281f0da80198aa6e69d6c2c1bf58ae12f89962f3aed58b464693ef5b7861ff59bf7adbc55a1f6ac6b86026e04dfbd609c29244123a74a2441dc0dab14b2a74c88ed586714592989d6fcccfea37ef58d64a4822e2b06c9209323a51120f7ac4b250e6923eb4c34461ca95ac1df9b04029c293704562195714e513feab0cd04b60feed29684a85e8b0bce6de5ebb45629094e1c476f9fa380887051c2124aaf97ef4322503611bd39954d9dc11b537855256951369158f225b13d79d8fd66fdeb18f1540498d6fa1ac13a46649f95121227a5625d2a74ded4cbd9b0e41d60edcd825278453bded5f83339b503f6ef4b710d8951814e80e346d9a74a6b0bc3702b5ff558d5853820cc0ac08970f61e1bf28d392fd2a0ee6a074e48cc72f5a561d53633526f3ec69f750ce54e59114f3eb78f4036a13b0a6b02fb9fb6077a63fa7a1b209324723c4e4a79ae3048e9bf4ac3b3c126d7ebd683ad9514cdc53f86e33876b6bd68656585036d7e7cc094906938c06332648d293966742a1494b99c92e48e94e290da54e449dfa52f17e5ca84c03cc870b6653634ce2ca9c0205f5ef5e58524188a400da4f9891deb10f0682404820ed4ebee3a7cda0d00d3d1920820deb0d883c4fcc56d528710330904d674368b0800c562712ae21e1aad11449eb3cec91c44de04d6259e314e5d635dab0ad70b3277eb4169512330269ec3175c514db49e94025bc31dac7de6b6e59322b0afe52acea3da682c2c3730668b811944ea629f7545c5428806de18149ca55d74adab7e5469e9212120ceb4ebd2205625e091953aff001412ebe742a34cff004c3ff218ed4d61996c79522be5c8600f6a5b857ed58b901178a6b129594a676bcf6a0b4d8e5d491f4ac46253c35267cc4ed44926e49f7f41bc5388226f16afc5801bea267e74b796b1136d7d0bf5a43ee0046a0d398b2a272da4451249b99f7f51b7568220e94b716a993a998f46d4979c488cc6290f25640066d3f3a470e524240cd588c40e12bcd0a9da96e2d67cc67d0438e23434e24a861dcd4889ac4a32b87a1b8f065bc8da46fe17abf4e46d124d194ea39c4ab4a4a0269d773181a55e9ac1a6734663d4d21b436040e77cc223ad488ac53c1c30341579a2eb8404e6302b7fee72aa3e131d7c128528d84d378027e331ed4ee09c4fc37144107483e9378571cec3a9afc0b71a99eb4ee11d6fb8edc80949b18a2fb84013a69c8249d268829371079b0f0a6114eb487042a9ac2b6d99993e1a73070a5741c4286bf234e919bcb6aceaae276ae276a08518bc4d0686f7ada9d773181a7830049f41c79b6fe25453f8f6d47ca269c79c737b7304951b09a6b02a57c663f9a7704a4fc2647de882937b73dfe74d609c57c5e51f7a46159488cb3de9dc08d5b3f2a5b6b41f308e76d871c8816eb4d609b41f3798d40888b57e198ffdb141e65b012042ba56d4b514a4aa34a258c41000cc7f8ac432195d8d8fa01a6d848540ee4d35880eae13a0ebaf83af86489d0fd6b86de241547cc58d284123a7280546c24d35815abe2303a6f4db2db63ca3e74b6d0b1e614ee0776cfca968520c2847260163294f4f0bf80ad2a47893cc903322b615b53cecd87cfc70fa9f6e62f0fdb7a5294ad4fc852dc664a1c8f9ef4ee11390ad32236e6c2e1c3c4c9b0a4b8cb232c00ae94341b489a24c1b515b0f4260151dba56258e09106c799a421187cf0018d6918be23813a09b77ab5621de1007be9d69974624991a6d588484baa09d39b10e250da63e2b5619f529cf39bec7c3889eb579a6b3e5f308ac615f0d56f2f5a609e326359ac6ce66f30831cfbd6333f0c7f8dab0a165df2eb578ef58c0be20cdf6ac1713cd06d4e7ea2bdf970319d53d29ec4a92e2822c26fdeb0cb0a686dda96425249a4e2573967c93a563482d274d7930ce70dc1d0eb568e58a8a31e821c494c937a75d2ad34e467f507b78da9cc5b692120c9358bc43f2013133a56096b955a45a8c8062e7a53e545e54eb4cad670c7a41bf2ed582cd91cca3714b92a57bd31c4e18cdd045628af86728b45cd344f11b8eb58dcd95bcdadf98b65584041db4a610a5ba98dbed48040179ac6b4a8cd24dfed5834152cdc8037ac57ebb9f2e6c53414d88d4fdeb0ac79ff306c6c77ab45709bff1a4e19b9cc08ce35e934e2f226609f6a5cb8dd85cf5a4b2d32b042848d676ac5ba875c94edf7f438ed3cd80a31d67a534db6985366124515b9c4cbc3b75a75b4accabe1034a0fb2ca7ca41074144c927af2e04052940e914f30e714e51226b0ed212da77b6b4e202c19ff00f95c0733769d768ac6242584e5eb56f0113731430ab57c2b04532871288541351c96a27d60608acc2266d4f7f5065bf84c9a7b18f3a7581da9a504b895136069d4b6fe5f3081bef4cb5c20a4c5b63b9a43c9528a6f23aef4ee192e294a55bfdd2d6869828b031000e6c1bc86ca828c4c45701b5a89919b50368a2a2db62d26d615256dd85cec6b80d36b06448bdeb18f25c2024cc6fccd6280470d42dd4535c3712149b47de9ce2c8c84477a5242b2f6bd1c534824a537168da9c595acabaf32316e246c40d276a6d61486d47e23d2b20e266e21b6db571529b74ac3bfc126da8a6de0ae1c19999a5e292909bde6e074a75ce23855113e9358a8094a840075ed5f881914acd6cff6a7b17fa8122c7edce8716d9949bd318a2b702480275ef5e42852412069432b483e6240d675ac4bfc12948008e94ebce3a7cdf4db910e2d07ca69ac6a7f7883f6a0eb67f75715bff21f5ace0e9bd49fec0ad29d4d3cfb8e1f88e5d872026d4de290a3ac5b7eb5c510dcd819a7f1216de4d49abf3b0f70573da29ac40504dee4c7ca9dc484837b83103a5621de2b99a23d043cb4029d8ed431495055e245877a7316641488b451d75f410e2d1107bd7e2ce536b933345e7567375f0120ff006e8c438919751334e6294a2aca201d68924dccfa172690909484f41ebda9ec541ca8fad4a9c3b935f847b2e68a208d441e52a240be9e95e6afff004094951802696d38dfc498fed1ac338e6d03a9a5e0151e5549a5b6b41f308f0c2a333a3a0bff0061887f31c8936de9bc2685c39674ef4db6cb672a479a27c1c432b39542f4e612e786663515bf3ef49c2bca13968a4a4dc47a2d611c5de2077a183640d27bd3b8122e8323bd2925261423d06f0aeb9b40ef4ee15d6f691dbd64214a3091269ac10fdead361b53686d23c80476a20117bd39846d43320c7f14e32e37f10b75db9c02a30049a6f02b23cc629dc238ded239db4171613d692cb0c1f37d4e94dac380ec3f9f05b8c9252e003df7a770a3865c4dbb560d10d66ebebe25795a3de86a2b14f10d848d749ac23c52e19d2a445631d2a580348ac1bde52955fbd2fe357bf2ef4de154a199461269b69868881e63d6f57a712daa12b02f4e60c4fe59f9510524822e399b6db6d90e5a7524d378a0eb807c3feead4fbdc1ca67e5d69b53789990207d41a75212e293d395960bc4dec35a6db61b13bf7d681044f5a3001a71ac3b82743dbbd3ec1648bc83ea60484b8a3d05621f3c4394c0edbd615d0b6c0de96b4a449ae3b99bb74dab14b4298b6c45ba72ef586c287139d5f41485b2d8012066e9bd74a5ab2a49a5a187fe1173b8da9f6782e6599e5c37eba6b18a5158cc22d58152e0da413f4a512018127a53c497553acd365c5e1a236d69202401d07a80155a96d293dfc31a4ca1343514fb61d693d4c5fa56198e1b9e6b98d76ace99cb984f4deb1387e2ac40bc7cab0cd8692acda8d4d2fe23ee796d4b74270c06f03dab0ee94b82648f7a04280234358d7b409245eb06f192955f48a7ff0059cbefccea1670a0cc8816e95874953a236de84c5cc9eb58d42fcaa26456092a529506053fface7bf2e09652870c4d2d654e1275934c3856d890418d6b12e14b6a81a8d7a534b2971267ff00358d2541b311aebea60638a7da9ec3294eab27cfb5619084b6205fad10950eb470ca9cdfb2f7ac5809607cbdcf330a58c379475f950267bcd3654479845634af866d6b5fad618a92ea62b1b3c44daf17e565791c4a8e829d436f9064475de996b860a62dd69b7838480088eb4e6192b2a52bcb7b77a4d9b09b5ba69eab0ddb36f568a5b20fc36358e65695cc188ade92ead20c288a65f49434264e86bf2e4ab2de627bd3cfa521d04c11a5175c5012a26a0f43f4a0d3bfe06bf0eef4fbd7e19cec3e75f863fe628608ff009fd0516733610536a4619a42c2ba56745af158a6839946f5856784a566d7aed4f9fcd73df99bc520b7915e5d2fd69a0da805a2c3f9a597730ca014d2d015126c36afc4b0dc947b65f6a71456b27737e5c02d32a04c1da8e133152b4bce5acc96db04da00a252b6cc5c1a4e132292ad6e2dd2b1eb492913244fcbd404836314ce29c2e2732adbd66410ae82d6ef490db41413b5fad62b105253948f6a5b8e387cc679b06ea38653226faef430a99cc2e46d3614e381b171f4a70711bd267ada90c36cb998116d676ac5b8971df29902dcc0c114de292b3ac5b7eb5c51e5d2089a9e3b601d0199d2680007a894e62072292143cc245623fa6832a6ec7a6d430589ff001a6ffa6bbae68a4e08e4ca5c277afc0b13a49ef5f87647ed1f4a200da9547c1bf8c55e838b9d4fd6a038247c4351d68a45a45e94f213398c002d4a79c5023318f41bc42908c9b4cd7e292a0e2a63489a7318731e1ee00bfa1867f2392b262290e85241b19314a74210741062b12f05b928518d3932989831d79528528d84d1c23c9131f2150674e443ab40b1b1da9cc4b8b26f00ebf2f1bf86de3bd619f0d039b7a43c1413704917a5e242424cf59029d7388b52b63e89248d6b0e41693edeae1c5c9f44d1a34aa3e0d7c7e2094de949428215304d39874b88eb3f5069d694d2b2abd7434e2fe14cd292a498508f14aca4820c4515a944c99f1432e386c29ac1213198c9e9400034ae137fe23c002a206e69bc1891c437e94d86d3294888f071b61c24285c5398529054d9cc91c9b78a1b5387ca26938031e6541e94ee15c6f691db941293631ea615195a1dfd542ca4da90e255efe81a3469546f41a5aa90c41d69e6dd23c8aa656a8cabb11f7a1ad66b91b7f11569d2fd69c0875052b17d8ef4f32a68dfe47af8210a59f289a6b026d9cfca9783654348ef4ee0dc46971daafccdb2e39f08f7a6f08d253996730fb50000b0a7036479808ef4ee093fb1513a0a5a14d985083caa5a51864f58040a6710a53c9e25fa6d14222b3a3fc87831faadfbd631e98489037ac13a46649be9144c0bed58874a9c3b0da9a74a98208bc1bf335854f0c38abf6a43acc84b63e9b7838e04013a69ed45a63107ca23ff0090a7505b594ccc73b58571cda07534bc05bcaabfb52da71b3e64c77e56d399494f5ae9dbd5d29fc470fe13e6fe2b0f8b25b495c5feb41d6d43e2a91d794d2d691a9a7314ca779f6a69f4bab298802f4fe20a570dc45615614d8d8ef44c0afc528123f6ce9da9c57e5a729168fa50214268f8e21acd865aba1a61014ea41d29d7518636163a014c3bc404f7fa56f4bc586dc29f8bfd53adb6e305762a8991cd845a52c99ea68bcb2a37b74da9b585a445629c096d437a61f3c419ae379ac710a292348e55b615861b1817a6183c519847bef400488e94ac3b6a24f0c78324075266d3589678c5397a6bb561990d661bf5da838851201b8da9ec2975c565f2f59d0d0096b0c76d75dcf3152c61040b46b4c93c54c6b3b52092919841e958e2b8168135822b0e1ca26da562a78eae56d05c5a53a4d0699608cc3e7de9a74399a3e1dbc16f36094b903a77a770a8e1971232f6db93068f39546df7f59e73868277da892a324d34d85e13bdef4c71d2a093f0f7d2a08a6dd293d45075b2358a5e2d846aaa73fa9b7fb449a731ef2bb51714a3727c3040170db6ac430ae29ca2476dab0ad250d83bd2d0958f30b52985e6d2475da96d65408d37ef491a54cd110075e94ae9d229dc436db6a4cc93b5617f5dbeb358c4292b19893235ac0b6a899204fd694094eb069e4143841eb6a4a163086fb69cd8282cabdebf0aa9cdfb275de86548d80a7d09534afe699c314389cda6ddeb1f19d23b725e9bc4ad032ea9e86997438d85285c5a9684a88571088d87225e5a47c4629b7d2b2982349a496e41098cdbd623109e1919a153b52dc5acf98cf332e216c06e44811069ac3a50429067fd538e86c8104cf4a79b2e0098b53486d824e61963526f34fac38ea94343cb869e3a7deb1a5c2b4e6115812e5e0489bf6a54c1ca24f4ac44f1959b5a68ace14ff8c1bf8e1980e79942dd2a206903d5bd625dcebb683c1ac42db11aa7a1a61e0f364a8081a76a711c403f308ded5e4903527fd5398c524a804e86052d454655af2a16a42b324c5338a529c4a605cdfbd7961407962df5a424360f989defad621fe104e5008378a5e25d59178036a38871435fa52318a4c4a4135f8e7274bed45e70cf98dfc1b596d615d0d7e2587082a064da36a420266fafda9be349cc046d14ef09b054bbc9fa53b8a4f0f869bf73cc871483e5511585c4152959cfb57e5ba94e61ae959db4a53d2629fc52f88acaab512546e64f7e60b5a743bd7e2cc2bcb7207dabf16ef5fb7202526c628bce4013a7a2ce2436d94efd6b8c0e68b8001a7316841179b5e3ad132799a584b8951d0539c17ca7cc32fde69a6cb6088b6d48742c94e522378a7586d454a7081d3bd38eb6db19244c1b0f16d391091dbd4d0783ea286cf7b7205293a18a462cdf309b408a7310e2a3602c23d143ee2411a831af6a731649394448834493bcfa0351da9bc61939af689a38a6d21b333e4bfbd39885ad213a01e8b78871053b81b1a5bab56a6d3a7f696e59226f6357f406d4de2d2b56b16fbd71843798800cd3d890b6f2c5e75f1c3a733a8f5051f070052153a451d4ff00d05fd3e13844e53157f4c024e934d60567e231da90c3491197eb4ee0527e031da9c65c6cf987a6411b785ea4c6b3c9824f996af40f213e2b4e7494cc4d38cadb3a5bede86f4de11d70691ef4e32e367cc3e7b7a6d611d73ff88ef4700dc6b07ad3b8571bda473a5254600934d60546ebb76a434db7f08a770adb9b41ea29dc23aded23b73b786717d87534de15a6e26eaefe0eb0cb87a1edad3b84713a7987deb7f45b08461b369699de9bc5971c4a4f97dbc312ef0824ef3a530f71cded034dab1094a5e504e9e8358571cec3a9a6b0ad37dcf7a5210a10a029cc00ff008cfc8d2db5a0f9872e087e593d4fa1b72eb4478e31b424a0a444ccf3338653a334c27ad36db0d241d4f5dead4b2027cc2d4ee19951194c13d29d694dab2ab9d224c758ac8d618030237275a69f0f131a0faf83b890d2e15a45bad165b79055001bc11cd84ca30e6779f7afc5a89093f07deb51dab12b096ff8a63125c7005fcab1c00744691cceba10c08f8801f2ac33eae28cc67df6f0c53be64e437ebbd34b1224df5fad3d1c457b9f44b65584044cc530d294e0b4452465037f7d6b1ac98cd24dfe958368a966e408ac57ebab9f0b1c74d625f2dafc86f173dab08e85854ebbf8398a525c565f8669650ac21ded3cb86fd147a03c0456f51e1622afe0b4a5420d2d395453d3970cb2de1cda6e7e55c4567cd3799a6d61434ac5ba52d94a676bd615c28706e37ac699712749131cedfea37ef58ee27964c8bd608399ce58d3e5578efb56282f8a736b584e2708de137adcf2b0d85e1bb898f9d2195970260ebaed484040ac53214d93bd619a529d19840bf69ac6809700e8399d6c2f0e9eb6bf5ac361ca5c1c411ac0eb568ac4b32a4e4b2c7de99419f3013fc53c3f315d0931e86d4d62a119143cbf7a694dba80b88834e0709191400efbd1095113b5e958b6d24c37e6d3b52d656a2a3a9e7c2feba6b16c9ce328911a74ac23202655f14fd29490a1069e6541c394489dab86118427531cad086d3ede80d68f8137adc54c1a1536adbc31881015f23cb8329e114cdef6a1848215a8998de8ad2d8b98a78071ad241d229ac2f09c04dffd5634a4bb6336e70729145e65e489361a834d36947c3f091a505b99e38703ad3ada09cce7c2051c436d36520cce806c0d6fcace216ddb54ee298752f21529809d29692b48cae65ded442484a557ff00c53d8bc8e2870ee3434e2d4e2a4f32312eb635b534f05369513274ef7a5a1b2bcd374d2dc0336808132683af2922e23db5a7f517abfa28796811363b50c5a08566b18d2978b593e5b5a2afe805149046a2918d5661613a4f6a1941546b1269b46427f3099bde9e7436d852403269dc4adc196c13d0722466207535b0f44d136f01a0a5fc5409f01a52a9ec4173cb10394122b0d89ca559d46fa5664ac3722644f5a2f25213b03f68a79e2a71452a307bfa16f06b182539ac057e213952acd627ed4ee28a92a4016275ede8256a49b18a6f1771986820452b12b50481689f7abcfa00949b1afc52f2ab7277a5b8a599519a6dc096e378a71495658e9fdba1f713379b45e8e2cf94a44188a2b2ad7970c25e4f6f4478287827e1a735f1deb5158a6f2ae763ce8756d9f29da8952b7ffa6fffc4003911000103020502050205030304030000000100021103211012203141305113223261718191042342a1b14050c15262d1143343f070e1f1ffda0008010201013f01e9e420f7449faa811ba04a2d2e3dbdf53d99ae8931ec809e602e7baf33826372e97090bccd08c128841c784c619cdaa0b4ff00c273a77dd45b74d765f950e71f8438d351a665663f44049e173f0a5ce1b7d95305a3a4e6037e53816f372847657e1065be5001a3fb0965cac9716e10a7b2e35bdb9a1399ba0c927b20206b28d3d9067b729adca4f41d4f7592e2c9b4cdba0f6e684e6eeb2124a0200ea100a34f75907ff2897808383bfb15ba44841ed3cff5e6a3578ae42a83edac9011aa78083dddd0a80e8be01cf0535c1c3a06a008bdc50a8420f07a06a8e10abdd4cf449013aaf6449720f73536a03a8909d53b23337c03dcd41e0eb242357b2cc67742af7d90703acbda3946a9e2c9b57ba041d798b8c22cca3068ccbccc436d0ff4941a5e2e9ed8380a72026921d18bc5d30494458aa5b9d750990bc30b94d12e09d4f28b2a53074bdd94287391b1c21c3e1537e6e854f52c83ea8ee5531709ccb1854a60e9a9e92a9b6caa36e85d016080878d772ffba7300183199a53c6584dd869a8e330bc3e7068928b0b553248d4cf51faa7c4614888556210d868a9e92a9910aa90826910148f1063b95790b3ee152e75bcc3829b22413b2a6ed93cf9552d8e9ab164dd82a9b94d89c29fa8f42a187845e21126530c14f75952983a6a7a531e1adba79bab841e20774dbd4d60f9cf64f2230a4edd5436099e91a5f19f02470a99ba76c552883ab210769449e540840c7f8591ce3fe749121642023b84638424a6b20c9c4820fd141242633cb7e83993f29c0b794226e17283091bee9a03469a8dcd0a5cd1b595894441598fd1536904f40b7327b72c212d26caf2536988400031355a3dd0ae1021c8b441506caf17298cee10000d796fd9199210222215e1785a9eccc8e607dbb211375b1d900f23e535b946b2cbcac9709b4ec3a0698593741a06820150071d22014699ba14fa0e1211a77f64186c98dcb3d334c20d027173c353aa177c62d76529ae0e501068beb3b23b033ba7d5040109a1effa70af24e5b04d6881d073439161bf2853de50103fbf3eaffa7ee89be9638b4fb6a35470bc472154613f981bc2f25dc3707f659cb5c72a1508cdee9b536ec8107aa5ed0855f684083fd4c8ee8d5f642a1942a03edd12e03941c0f3d02f0d46a1409050abdd48d248684f7971f656d74eae51742a30f381d9097929ecca306b33057690140692e3f4474533e6f953646af645c5079085407db538c052e77fc2208c21d684da978e8120235536a03d57986940679fe53db94e029c840c3e351706a7543d95e509941ee1c20e0ed2ed8a63736e9ed8c03242daa6830aa3f31f6e953396a0ed2aa8c8dccdfb26d50e07baa642a8442b2a6442a84484e19828234bfcc42c83eaaf2980929ec81654a72e9a9e92a9c42ab087d90d8281e26b73ccc22d7738344a973420640e9bfd255332155215936ed089fccd55264268b278ba689288b2a569d2ff004954dd6551caf29841089f3fb68acfe3a6775e2bb2e5370553203c7645b07cb707f6449e57963dd09d978726f816b4f0bc36765e131419d9647f65e66959bee89cc530dd39c32954b6d2e121025a0d93c82422d8841fb45d341cf9b5dbc44e8828c2a50aa44267a474c890b21131f7451ca84936b26d3bceaabc2152c3ba324abca2fb1eea973a6c8d3fb2bfd1188d900498429e351d95a7a8429b20e128ba02680e698dd64b94182ddc6aa7b6151a0909edcb081826caf25359237f94000359a640596e98c83d0734874a2e317405903951cce09a20754d3116590c94191d07b7cb65194a824f74c608b8e81605e1ee801a2b9dba323b85215954265070ca42828bcf0150a827e7a0ce7078b2b108d317f7419d281dba4e64906565dbe50a7bae31913a4d40178a50703cf42cbc5128107496d900075eb7af5930117138c9574225127e8815ccaa4eccc1df4931ca35476544c83f387087f1ac90395e284083cf44bc042a8f85f5d46a008bc9c03c841e0fb6177a20b70c86135d78d46a5e11cc77c04a1508174359202f1420f07a26a01ee9e64eb7c9301643db506972f0bdd1042fc2bae477d0e300a033ca780d217e1ff563fa9da8d42764477df01316fd90a9700ea2602cce76c88be03304da978d0762a9b4c9551b6b2e531b6ba7b4e6f6c29c42ab0ad29bb056f13df501f989e3caa2ea905500b267a46a2f92404418be001e1672ddf5d59b20c0404f1e6d64c93a9824e24484c396a218bfd2553882aa90bf0dbbb17ee3eda4eca981255402d85310d4f1e6d553d2a9819555085d0d940f1341d8aa6e89ec9eeda36c18fb5d3c99f6c007b51399102374098109ac39a755db5117c841a6130e594e76684df48d4c03314f885654e2155013761aaaf0811013f73a9e6df298c1b9c5edcb8b3d5a1feb548cb1b89120acae12899546331f8c6a7a7e349e5365a4a7bb30f8594c4a6bf28465ced4f04841d94271928822107c0ee980e69d25809445ca931080321060189a7fcacbbdb94d6419e83e9f9a541b5d0618faa8f6d705ae29cecc2eb298dd35d947ba74b88b21b6a730393db94128eea142850a13fd6068a9e9c7941c08c2427c9bafc31f27c6934fb2a632d4c4ec86a730dd41fd9359b1e810216420283fba6323590217862500075e07d95ba2e65c9e16536f74186dd27b06ea142850a13ffee7c6879b743f09b1d5cb7e741f5bb5c0e9dbfa42f010703fd2d91a8d083c157c1fe943f8c2142855443ca63d661dd1aa8c9e8519841e42154736d078f91a1fb8c090395e2b54f40b80e51aa7e1662855ee81d66a01ee8bca048e50abdc291d12e845ee26d809942a1f941c1dd2f11bd073c37e512e270132839c026b83827ecb63f3a7f12cb83d4a5e9084caf0f7eea9cc9c5db21b6357d33d91a922c8cc6033042a6d3a8ec530174aa8dcb831999a15daed557609ac045d3c194265641f554fd5d1ab7210164e10982511654b9e81a96b0467be0d2e1f083f8e753c79d459385d530253c0854b94fd91121376f7d1584d32b8d21a5c6c1780fe602341ddd461ca166c2060853654ccbb176c50db170905530154008c182c13c0cda9db154dcaa3d729844273a5daaaec131c328551d740dd670a9faba35785e27dd5c9424146a0bf754a6faddb154da154016e5300845be7d553d41788a092858f6845f98154c591dc60377e8709051dce811ca1598d1607f847f1278007ee9d51eedce3429f88f09ff8677e932ae98334dd3581b84cec257864fa8fd068ae629aa672ca73b328309afca3babb9c35f866f7b23307d9188d9005c409429de49d44021399017211bc5931b98941a1bd27b04282141253196b8bf41db14d765053cca83d935f02ea733f5593dbb405044a00c14c6d8600f9fe301b9d3584543d1631cf30152a429b63ee555adc35536c992bd2b2b8fb0429b7e749200552abaa7c2a3125161baba6b0c8e89602178772b28e89604298ea96828003a59422d37578374c619400e8100a03ca7de426edf187fb8ec7f850783643301b4abf6fdd79bb0c5d45b509eeaa7e1ea533b48d74bf0cfa87b054e9329855ab4d9bb2dbdd35b5ea7fb5bfba63037e75d7765a7f2b95499947be103faa91df0242357b215474cd40178a50a80ae346517b6fd30010e08b541e7090d3eda8d5cb53db642a31dcfd0a753a6f71b23f856f057fd219dd7fd33fbd933f05fea299f87a6de24e156b66b0d905400936e839ed1f3d82a80d43b404d6868b0d5b2354708551cdba2ea802350ca155020eb2f013aa13b2bceeb3bbba2d277db01baf33531d98743317145840c1ad2e0a4b171a8d508b894096ec536af74083a3f57ce24c0f7405be55dbf0a41c5f5045b0ba1588e10a8d3ca1ea3ec11ffc63be1655aafe907e50c3f0fea3f1a9f59adf729f55eee6100e810854bc6a7bf2a873be11dd72a1cde6c98ecda89f3c234c01830025386409865a3535b2e29ed00610577463854e242744154b63d0a7127ba7c4614e22caac21b0d35764d6d84a78ba132b27dd53f51d0ed90b84480101fa8ef8c0594773f7550888df0b68151c01f759daf8f842a36049f9556b4d9a829c289fcc1ee31b2755b79421e7b933fc2a802b4a6c40440ce35548b2e13e2ea9c4a3b154a24ea9fcc4e3e528dd523ecaa11099e91a98eb9551e230928bcfd3f74049ecb62b31704c05a2fd0c841d938f0eb9502374098b2cae746aabc26b86509e64a0482b308ff0a99398e8cfec650cdc6c501ef27412027d4245ac141d7ce10b85ce0d30e1eca442350fe91f7504dc994ed8a05cc94e39be5106107903ba00b9f3aaab6616623bc2b13d96c56724154da46a730cc8465a7ba1962f32aeb212020206a34c7c220c91c2931b28f64f6664586e832ff4406500748d312565dac83369b11ac80539965ca324ec98d99ba0d0dd042f30f71fbace3dfecb3b7ff423547ba355c55f55f58c20fca03befa4b0c2ca6e9ac83d07b7304e67f0832fec9a328e81682b26df285311d180bc35907f52581060b7b74a6fd1853a426d3ff52b00bc46ea81fdae5483fd21786a1542046150d971d28c78c29b3946a0e112e373b600b80b215369e7a26a3429e89a802f10a157ba9e81a8021501eb13011a851267757942a11c4a0e07a06a84da80eb26022e739111800784d7998550c9f8eb1d95312ec29b6e55416c29880aa36e10d86a2f45ce77c60262c854efac925e8d3ca306373128cb134c81a5cfca89712b95ca05ed4d7661d4abb2636ddd3db050049597eea98f31d4f7c221e77c00ba97347b26bb3697fa4aa7105558b60dd8230d7ae7a80127dd3a8b9b077c288df0692d253df98283bc263e0279cc50db506cbd3c02d57954dbbaaadd933d23503e7fba79194ae55222eaa1164cf48d3505c21109e2e982e8810a96e7a95764d7d84a7924ae7b2cff00754e731d4f8cff006c1d12a9ee13e32aa5b6975c14d25bc271cc8823dd07c01ca3bf56853b66e707d104dac53416d8db081d93986fd95fbf129ad322d64001c295987759c29f62a4f62bc5f65f9924e546a123063b2a7bb30b26ec3e353997cc119b837432c5d0256473901034d51b2cff00fea892af21679055206fd573041506caee84c6ccc84001aaa34ccf0b39fa2024ee858fc22e2ee3e153040d669c05057a0f558dcce03be820117590b7dc293d8a879fd3f75e0ba785e17fb8af087bfdd64676503b6350f90ae50a8f9dca8f12fb386e3bad9004a0d1d02c04fbac864214c4741ed9160a083f459493dd31b02fa275788d9d302506011edd17b2516912830c940401d184ef51ea70bf0e2e4f5eb7a3104b4829cd63835e4c4a0dd8b4a07e87ae481ca041e74000625c027542afdd66389a96b233c9c0170f841e363beb2423550783a63a8f3e7ea70a939e0f9794d7cd8d8f6e95f0b235583dd3ea9704dcb3709e04fb143708ba49edfc42b137107baf12d7dc729aecc3026027551c2151d285407db597008d43303004a6d4ee81074c4d44e60831841ed83b62a9b42aa36c1804223cf6d4e799845a79c00952e6ee8191acbc042afb20e079d2e300f5402e3015a8b605dc9a0b8c942a969ca6e854677523bea2f68e5789fe96a7baa46e9ad91e6929e2e82c9f7405ca2083f0a654df0a4d8974fb271805019d3c65c053908121d1c6aa80e60b28ff00ed10414c06427344154b63a4139d39f6b612ec1db14c716829ee98506135f940573506afd67e53a2159528faaaa042a7e91a4980b339e1104601a62c83ccc6fa2a9b751a0b8c0448a4207a90199dfce04c54fb278611ff001853ac5bbdc21569bbf52f15bf2b3bcf00289dcff8503b615764d75827b8cfb2162b37dd532339947cc4a82d28b7291dfb270bff00eee99e936dca7fa4aa66c555215934f94227cffe7554990b38faab929a4ca754b18dd52d8e92c0539b0e84098d95f1808b089466f7d931867d901a8b4e6f645f210692134c7ca24b934100697fa4aa5caa9c2e5362023ebc5ee8b0dfa80171856a2df72892a9b60605a0fca734b48bee818e27851bd90a42020349129cc10af211971098dcc4a0c10b23422cb8becbc3bccaca3b2b22242cae68449b23950cc6d29ac3326da88053d82cae095049f74d6081ac805641685e1b74e5126dbf45cc932b29b7ba0c2476ba1b6a709050ccd4e325116dd0740808025d389bcf4c4ca63452649dd3dc5c5344b868808d34180744b020cfdba469f6593741a07cf44b0141a07f6334ecb21829acbce2f3e52b8e9d1600331556a663ec14a0608fed99877ea9abd967329b54f28381eb40d154edac42acc029dbd8e34a9e63ecab54fd23ea883bc5b069829ae0ee89a8020f07a66a00bc5283c1d728d51c22e250a8421501d65e022f71c039cd08541d2377f7f6469c0c298cc53db90267a4740d4011a84a93de10abdd020e9a9777d3a03cf4be460066309c45267bf0a6e985b5190aa532d3ed85d5374ea73f2a25eec04ca6bdc1021c246be1497f29cdcb8359982cc5a635549ccbc311eeb94c0653981a2ca97a75012e4f688c298b1944267a47467f30a7384614dc3e1543654fd235d4f494c6c8551b042ba0c11ee848a834bfd67a1f873e523b1555b96a7caa39435ee29ef2f77f0bc11b7312812d3ee839b55befc84f6169ff003803050320697897a8108800aa636ba7810a9edacec55255221593221548cc3bea7187a2e10a64aa6eba7baca96df5d4d30f3f54f7dacae98eb19d938a6ec3a269f3ca320c774220d971f2bc33c9b211aea7a55375aeaa3bed807596626a0d2773d0a27cff0021566666fc2bc14d165cb7e1385cfca04b4fba3503a99ee8b7f2dbf5c291b91a6a7a9789c728024a6f94a73f32a40c6b2b239a9c49502374d26001bac85c7539929c329dee8794ed2af74da76dd0000d458d28b2e7b29311dd47eeb2b44a6f48b415e1c108531d234c42e07b22662c9ad24dd3591a0ec7a2c9cedf9555f959ee5007066d4d3bd4ef94405dd5182cca9ec2d3098ccbf3aaa336850412b2924a6b6c2d7e91a7bac9c20cb83d08469a0d1d2c824200008b65df54dfe9cb01593751a6a7a7a3405cbbb2a8f2e714c3833fedfc1553d670e535c5a414f19e9cf2153323e3596c8fecff00ffc400391000010202050b020406020300000000000100021121203141517103101222303260618191b150a14252729213334062c1d182f00490e1ffda0008010100063f02ff00b1196b1e4a6c2145ae8ecc92a16a9112e0c999dca721767d26d6a22bb46c49e4a6f335394945bbe02fc411fddffbc1312a193fb973a21ddd022a3b120552fed120eb31d1822e67ba7ca4eac20d7895e144188e06d27192b9b76c341f1858b7fbcb60e8d44e90a2058ee0524d4146c150d934ad2c9cb958a0ed5752d1ec88358a1141c2de04d01537ced088c750d7c9349bd005d10774ff0014a2e602bf2c2ddf7444e456e94e61f87f9e0371b6a1b4288b4d5d54a05087d4b98af60efa9de7337982380d8de51d8c9856e9531058a070f6532a0e85400e8a7bae9476194fa8e6d2b8c780ddc80a705219e79a55a8d66f53502a06b6ca9e531fe33b794bb701657a78a7a46d56f634b4402e37051fc21f74d7309bfb8429bf019f28debdf809f80a405e80a52ac90075501d4df9a237db57f4b4859ac14691fa0676f388e026731489b8280934567f80bf286266b70037891458eef78ced3f2bda7dd31ba0483f15d9ddf53bca6f2976a4dfa4e78dc63c05923ce9651d8fb26b7967c93b9c3bd01937ef0b6fcd32a16d7dd65473a591ff002141bca5db80637385285f14c7725953f8a5c1c630bb331bce3db6194fa452c99b9f432839c7bf00e51614702512045a6b1fd2b4745aa362ff00a452c0b7cd06f304700bd46fa245fb4ca9c052ca6141a6e23804f3205269e7b0a9dd9547389cccfbd2ca7d268117a61bc70064c7eeccec6814d378a120b59f9aacfa17d782a81f629bac48d2840f6cf32b5017785ae6570a10bc84e6fcaef5dff906e73d33e9199adf9479ccea30b89d8f3352999daae65e83e1060dde6a67a290d1c6b513ac79d18ad2776c5117b47aee5d9f369f7405ad9667652c3e149dfcab16e8eeaccef9c0c96b8eb653d4ef6226db4afd9e506fc16d8a0377b05fcd36b6f2b0f28b9d59f5dca8e6a2d302a0e22170cd0b3c52711862a661c8a8b0d962ae38a868851d0f75321aa73c737ecf2a02af29d86c20358f2409837dca9099b7d781f9878a32aaea1252abc283a772d5777531047059006fcf0f83cad1155aa29f852d46c79d8b5dd1e424140080e009562633c4d79e615bdd7250849447fb8a90c5aa531ee157108e8ea928464812e0ae6795a0dea893ba330e60e79ad46ff915176b1e7c05250393782896b7441be8cd5525b8460e52ca7dd9a2c5ad5fcdfda89fb829888e4a730a0ee8a5246e080c06669b8a892b55b017bbfa513ac79f02c1c22b50c45c54f26eedfd2dc77da54344c55d464485ac3a855cef5fec17cb854be13194428fcb9982f29a3ae6d56929b5175fc16e75e7611b541fdd6ac94c548733e10ec9a2e09c7a2d2ca7daa004382c8f9a5b3bc5c9c6332511fe3dd653d9651c83dfbde383747e51e7691b9695c23d4a6f64c176b706926a01126d9ed0015940562bcce7df01c1bf862b35e1b5d335bbc6688d52bf0df231973a73700bf302b7ed2b75dd97e5bbd96ae44f75f950e856b00428b4faee8377fc6d5a284d4b585d6adc7f652c981895be06014f28e569c495ba281cdbe7ba889653ca88ea144751eb994c63b571e50dbf5cf109994745a5c9afc919dad255c4563d6cc3e196d1b885a959b140c9d76d2656ab1c56bb80c26b7638ad2024ef282ca03ba4c3082d17b75afe680f8ac3fdab88ac7acb9d70dac0294de569beaf2a5ac3dd6f775bc2942313ca6a4c87d4b5f29da4a4c18d021f6a8155d6b4b05932c8094535f54f4618facb591b67b4805a2daef5a3656ecf71bc2d6d122fd152b6c8cba2846056ae4dc7a43caf85beeb589762a400a61f6421822a762c9b23136ac0415d120f6f58d06576d293634a01406f15e57335d18fe188a9340d9c0a88620e048518ba38a93076f5973af34802e84138de68c4d6b994d174f83b29843bed348af0af8a696d71970764dbce3b090b73c4d41680eab49dd112b4c0122a2df4dde1e810b9bb0c46600280e8a0a1dc230a8e6d2698152aed1e97340c241f03d9330fd7e53a78d8385c51e734f7151b4a85b0ad5c42815e0e60e6a6baf1e950528811d0eaa02cfd7e50fee3b01cd46ecc4de130ded47912ae21381ad30dc4e6733a8f4b73088eb46eb13b1fd738dc362dc542d2b90cd92c609d8e69a2d508f5518c4fa5c6cd3f682744c627f5cfedb173ae58d4842accee4e8ff29dd33341b948d56a8daa16b7d3bfffc4002b10000201020405040301010100000000000111002131102041513061718191a1b1c1f040d1e150f170ffda0008010100013f21e1d0e1db06066054a63410979450ca1c3b4a42733062da7689ca0cc22c2f2821a9e13528657072ff00e0b8ef1df800a8ed1cbf01e0df01db077e002a3b472fc571dbff005144c447f9a88fcf44c422cf78a211664225c04620221111c05170d60818b3ac503170160a259d13108a5b3da3785a5f28bc6a0c1a9a6221a6074ce2d1e06d1b87280e50637842e00b626d01ac37ca2f0c070734cf611b381a280cd4e511e2dc34398da0be0609be41710c186b34c749a45c00b624382f0e9946b35305b136e00b458180561d328bc219830534cea900c08804d4e516c4c1710e9998c2b83032da318565047949e002a5e98b97ca0a9438a84be0350197c1d71a006b0ca23f45e16699b82e2e2f84670a426d2f98f5200331024f2109c2e051b802d4ef83cc0a9432b8302379dc778f80e38f25b8768e3e05a38ef097c371e3aeda46f0855b23f38839107a8d8cb240ed1c19ce01064110372254e868002509115a2f77a895d6e982aec2039a82477bec5b437af01a8ed1ff00bc404405c9873f71e9116c965739419b587710e5303072a884586bbb6e44d83c43055cd6b817501485328541194a45ba57da1dfa000d6437106de351c544c5f96a2111e0a8970113160a5b29ea010f1746dfbc1913c4bf7050d7286d017b7ecc6d060d4bc1249d607726754446be6576c0e54e99eba60a5a206239af2825f0a4547c0be044717511a83068cb8cc9c4314225945c4260383465c642c680c99a21ff006bacb9ca1cbe06002740413d359566821dc40f283c2d8d8f4860c0de087e57b96c60eb44446404900b82c7512d2800f98f0368d986f945e1830d4f00a91e169432dc31710c181bcd330d70bcb470e9945c4220181158a990eceb579ff10c02872da6b785615103bc14e2b1ec18208611f437807df03d5cf0ae0f07836e4330934ba527d250943660a0da7fdb8ac90cc3da1604402b0e9945e50e178a699f49ae06086e788c6159411e72c54399e1de5a3c57b7f94e1a9ca6379ccc8e48b1679096922223a01fe4246a1d21d5912bcade226276a5c79920ec2f5453eaa2e202dd25f5c1d780e38d8e03a453b4bca0973c571da3e0035be24f3e038ed97a48bca9805a12f06e27acb46206f66a23f5c20d5baa90602af24fc42c42377741b48752a2ac36a2879bd610ced45b367c003f6ab58a115d9785e38ed1fe23423bc7911caa2888e0a312fc578f63f30d4818df11a7ea7610658f73880201f5800005290868bb390e70d793bc1f4433a808ac213d66e634399400e9bd9144208221ea6a0dd68ce9e0b70513167510182062385a5f07153329418a078179d5111c1467a8f620a939aa16bd89a69689e4e97c404100839588fd667b422f0003dd009245ae02111da72010ba8a8c9acb41581e67dc7c451435ce0fb76cc80c8b35e50634d62a3ca4c07026b01c0c186a6699b482f81821b9cca3c1c40e711c06772fa2802032942ea50cf5c202e7cc0050be990903d70121117ea5cb738301d067bfe8638765d8ac000350fce22e218200ea7a04c514edaf947b6630606f06617860c74ca6b00c08ac1850e1da523a66b889472f129ae63682f81826a730d62acab6cfa18a2c161f619c3d212b9e4fd2b2ca53b0de4c60f61d1e256d08a8dc6bfbc59fe6154059cd81c4942a007821285cfe659183830e6fa4463daef035cd7968e272c330bc4e5a38a1b65666d291de338b8ed1be00b60d703489472f2833b50170dd6831e465053c95e1022d3c89b9c6b735e27f1880202284282256821a0473de31090f6358063de7b54e1f693e47f32b8aefa10fe3120120750a11bb8375a0e676c1df82f026dc07f94ed378efc2104374f34cc0e830f926079341ea2844321262c347af72180902654fde5f2bd327333947a82321ae45f6edfe3226223f191888c441e90f78d46b418a28b0150361eb37a10d577e680cd7904840a3e6308092cf03eeb7314591bb9780c85f560a8c2f11e0a8b05c051018296e0a710c50897091e027283140c4a7a1f9941a283f1828a29cacbee3881f5d4afce0e1c7d44f897c4fa95dac62c691672602f068cb8cc2f0982d8386dc1189821d380b1a18b30b6260bc3a4243fe918020de1122ef63d461703a2f183e4e3e0d3300a99ac4288495d43a8581200249b4d385a68b5814341939a0c791422194d927aeb06060b66d4422018111533084560c1436e088b0d2250e99f510980e06f1d3308a5a50881511a43785d6bf81853d37b600a07cc211314b94e5a872034d3b92808f37f4a61762c42e1be00fdc18b1cddaee235032075d3361869a46e111001b9a425f296f232c0fafea75c958ed5dae6173007406b047139619de1de5a3ceeb85a131be1032f81e4781a884418272c3382a5d42ee4ff98a17f41832176fba615f57db1bf8c0ab6b0f9e0d2001da6f1b161d4bee823a4772d63972842687ddbf69bada0549ed2c80ef5785840b3772bf1b650108d007119aa2a348340139d60f320d4fac6f07c171db84e3bfe4bc09a706d0a06d03d84c131d476b1848009260d53358ecb18c2f77a22357e9fb9f49fa95ab3d66830a6e84dfee1d13cb5fe20200417d32920025c16ca6ff00a703b1ea7eda6b281f5da2e2cab1a8463141104c63a5cc4702aaba89dce7263a8741585033c805492e5ca270954d80fcf5170d1884472b3c31f7bf201827482dc11ce742044fae000bf51cc39956006df5a4205deb44885d2a864d33025bd0ff0090cf73501e748eced018b4160191de0682c7cefd2d2d1ebd1f7da7d5dbf51d886405799e0179fb22fced348690b73d23ae705527be751705442296ce89886086d1e343085c0a08de1697ceb1597a26f7ff00a8a9824295361b99ae326fcccd15fa1d26a5d8d0e168905beba7988536f3fe61080806bfd1f89f08ba1fafd56f32f36f7465988138b49d477edd2049b4f972951f442a5cbe87292002495d67a84d3cf59aafec79c58fb002116601c6062c1842cd611b381a4061be6260be53682e21d3806d05f0306611c16c4db214c3e523f7000306237d06a61b71f41b0880070b307ace68742872c77925be42347a119ba6f0208a86eebd22dcdab48c01ed08a8eb0f204924a86523602fa76304765543d66fbe03fccba4ea1a72850a4324f35a4010457247ce240490dcc2458e88ec2e608417d30e820c0de69986021c0e6d20be06010dce6300c10886341097c060e15db060661ac5583050db1a84655034e1e53cd2bd2b359b0b8bdc01bc204b67737c2f80eabf7097a2d132ae0b9cbe210bc20bd6908916f5620c8f4c7c4ad780a25fb2124a8ed64fde709f2755e90d21d70372213f5f53553cbb47e0577b98613d02499d43805da430001039eb07c617ed030eaba3a0d30a1968e272c3302a53140425e672f2bbe0f3b336c4151da397e13b47ce3e0035c2d0951bc8aa43da193e083e6596f71f9400ad30ee99bd2f354ec88078b10cf8c8bf839ee3584b103c8bf710b6b0dee519ab3dea2ed2a32a882f33004b601f263268bcce803c12e749825df0327b6dbcc75004575f4e995c768f800a8e397e038ef1f09fe538efc1240224d05610aeb1fd65610c48d00a0d45e5a1f03d44ad1f46901b6567a9b44c150aded025002b675801f4d61121ba76a4024f4d9d6010402c050447fd2447e22314b61532a5ebbe7145cf05603bf574866a108d6b4020541a003d6e82476fe0c37681cc8a0f589016507d5e294185e2e0a3c2462117051888e35e2c50312e028b3de5062c4517e8f5b39c52f813a20208bca8202f50ed101bb67219b9f36ef39ce25dadea70260a606039d4a0c567b08d9c0cbcd7280e50634312e20d613583070db300e3031a1cc2e21830d4cbe7027b4ba5112ef90942020eb8902e1041b60090601117a12c0f2c46fd3697ba17db0057d4e1710058112cf3ba417c0980c3739b482f81821b9ca35c05a1c0e9c41789982d8286d9b4c4c17872eb2865b05001ff006bfd6600311ce003ae081168516b614f295397f581ff00d29ea21122193ca3b1c5db077959eaf45423f8cb877cfa6028887cc11880209b7fc0334aaeb4ec9d044418747b75843804d4e67857063308a5860943c5759bcb384dab9c18b1a086a73b8ed01a9d5b454924964d4937272901ac65a476b39928e7ef182301e964d7a0bcb5b12200c7397a73468e875ef364876a7d4c6fca7e0384bf73dcc257ead7b2875bbcbdccd30fb43487025db1e6020904828d8a8dc3d5458a0171a73c66d1b135e4635f5ee03c171de3e002b125f06f11ccdf04151da3b70ccf6a01dc654f5801a65b1a7785579d3e1e5c230c30e177a27c30023222d2878429a983b225618d21c5355dc1e3a265b3a262030a62b1a18b3a71447f04ba307f701c3043ed5610042fb9c1e6769def03edc130c307d013cce243c989207b54f8951abbd70225af6c2000404d0900f49627ec2032bc016695cc3e66c5e873e46e106042fa82396178a2111cea218a96cba406b93510c181bc74cca918c2d2865b3a314446516e61ef1924937b9eb3bcdcfe7087435a1e423805a83b7dda1fb779f7e825dbcbd3fb8cac57009799603f4398629c854f020f56897a072f0741f754c2579baa7c982d839d2940177ca131cf807beb09ae426da8bc1b005f312e0069963d26884e0fad66b1a80bc1a334cc2d1e04c06b0e9974806086d891047139619b49a8c0c10dce6a097c1c54c83000b2241e99040575ce2e3afb09abfdf6428346a72fec0000109a434fa37a17a3a9877ad21c481750e65f10b3d90de0f8047b20d5fabf883dce21e02114866c02c0422b060a6b1a1d6feca9d46c924e901d525075d6289308043626c20240500fb917971084091d410f982f0c181bcd330b458691230e56a3a4a6578134cee916179412e728b8860c0dccd314c446196c3fb2f7d6ef58516b7b64663847fa8c261905475f69af3ea73ed08926bcca2b635f93960d405e05e7b69e890167785a1a28250183706d0a8267535f788a0e971eb282fccee3bc3a082404ee43178565a3db383ce5d60eb7e038cf19d23bc7c0a1969da211d306003584e7776d3165af2a0db00d820ab82163620080c512401526c21dd4d5ccec21a93fa843fecc7cd6571f05c7c271da3e0bff0011c768de2f9ba3d12d41908045a12d0cb41240aa35df1b47e3a91e04a2052c3b98703b0e9a4d3daea7a77ff32bb7156084447e175a1787fdcf4041d883e20b40109a52f4c69756f26349fa768030c806866df4cb96c3f83e6530d6b42758eb751a8e0a3111c351088f0160818b3a880c0a46043a4403c987c2d2367026030dcf011880c14b6560ec7d7390c19400ecf7b40d7dbcd64bd041c1d521f986a6ae6616981651782bb4f7fe4173f3043e51c8c0b340f6ff0099939418a0625c0a097c1a97cc2d1e06d01ac37cda406b86d2347bd254badb6504820ddb7bf0748057022010dce71710980e0eb34ca6fae1e0381dea799685287ccbd605e2131dc406d2975fd6e3683f57a43f1d751f221847f6444423888806d80728b6260bc3a700c181bc16cc2d160601586f9b4802381d1060dc45e4d8ed0c6fda1566dbbf05cb89df07cb802e21100c15e69979b9e85381d142251c2b5f6d61577fa84df11721017bb3e0c1f3923de0d6f2529b6be7a42acb13c99a4b1954e741f265168a5a5c450df80c1c2b83199a80b97c1e76447494c2e53459465a52481431a92f993c3778f84ce2e91bc81dc43e206407c0108da7c4a48e8f41ac45ff004e581be57c825bfd310473d0ed08005bdb62a1196e58e461c04809bb6fe43240ce13e5cb302b07697e13b60f82e3e13383341d9e610e69fc17ad97c7e3b51e6eae5e478226f42f930835735c82341769d0ff007159ee137829f4c34d50a9b9404828f71712b3d01db4ff003bffda000c030100020003000000106db6db6d13ba6db72fd036dc9f54db6aac296db0e5a1b6db6c8ba3edb6db6db6db6db6db6db6db77d6db6cee3b6db603edb6db89b6db2c0f5b6db6db6914db6db6db6db6db6db6db6db6da2db6db69b6db6db6db6db6d36db6db4db6db6db6db6db6db6db6db6db6db6db6db6db6db6db6db6db6db6db6db6db2db6db6db6db6db6db6db6db2cb6db6db6dbb136db6db6db6db6db6db6db6d94db6db6236db6db29b6db6cb6db6db4fc6db6f15936958db6da4bd6db6ce85b6db6caa636db0a8fd36db63f85b6dea1b6db7715436e748f2c9f9b6d975b31b6c4aa44db6db61485b65e9036db7c3b236da06445b698fe76da6640dce9b6db61d2bb6def386db6db1a018b6c30756db6b04b76db42499b6d91330db46e0db61a6db6c4d556db7ec91b6db763e9b82a1804db6cc9ac6db764d236d96354db65139b6c36db6db7916db66cadb6db6db793de30846db6f7b7125b6cd38b64b6d32db6da2db6db6db6db6db6db6db69b6da6db6db3492476d9e28f2929b6db6cb6d64db6db6db6db6db6db68a6db6db3fb6db6eca8b6dc409248cb8415e73ec815b4db77c4f36db6e90db6db6db7aa4f06dba7c50b6ec8bf6db9092692d8bab2576d621b84b6fb7296db6d13a56db6db6f8ca86db7217096dd8706da91924d34f276c5361ca2d88b6dcbfd45b6d9fd0edb6db6db1f38db6fd9700db3ef09bb93a4c94c385e886dbc875506db6352db6db726b596db6db6b98db6d9a446db6dac1b7be26082b5cdd1b6db7464326db6db6db6db6c3c5badb7756db6d9b1b6c66db6db6db6c845f651ab51056db53441b6db9d36db6dec9b6d90137b8e1b6de62b0db6da95b6db61a849249d6db926dbdd89136db3944db6fe80e6d8d15812b0b6db124f1b6d80b16db6e541927acade581fb74ff00b16dbfab8d36d86ea2db5dad75bb96db7a557b6da09cfdb6dc91fb5fdd9b4c8016c88ab09b6b09f26dbf4614b6fb2ba6216db6d721b6db5147c36dbb9d1be64097a8c7a5b57feab6db9db6db6d7e936d968b6da6db6db6136db6d42d36db6c606d7380a9a91d1b6cdbfb6db6cb6db69b41b6da2db6db6db7296db6db6db61b6cb313de2594ccdb6dbf489b9ffec40db6dbbb30db6d5b006db6db89495b6db6c84cb6d9e26a22c22b6db6db64a0b6dfe5606b6db17a1db6dca91cdb6db61232b6db6c749b6db67f929a3236db6c06efb961bff3cfa6db73b2a36dba8d81b6db6ce9aa6db6f79366db64d66ccf60edb483fdc75ac5fe842eedb6df9d065b2c77236db6d98332db6dfa28edb6d28e2eba422b6db6d0953cfdfe9a701b6db5776db6dae0b6db6db6ab2db6db64c49b6db7cf124576a95b6f53553fbff3e229b6db6db6db2db6db6c20236db2db66a6dba9b49b6dbc67c9257b0aca5b9eff00ff00de36db1f16db6d54fb6db76a1948db6db5087036dadea6db59d13ac3aacfe5737ff4b9136db7bcc1b6df095adb6be10f92b6db6800936dbcc609b79d017d4f769b873c7f75ba06db6806536db36aa9b6d6aef96a6db6d84a24db7999c96322b23abb4da516e031bc7ce5b6f7bf16db6868c36db45536e6db6db22f6db6d2cf46d8a47524bcff00dc7ec2db663e9b6dbfbc6db6dd6536db6512536db6db6cb6db6d955b2db2dad2491bf49a6ca916db0cb6db6d265b2db6db6db6db69b6db6d8edb6db6d969b6db6ebba4927e6026838ad936db6904db6da2486db6d16db6db6db6c28fd6db6c70db6def521249248fe89dcea60a6db618d0b6dbb12fdb6d56ad6db6db6d972c0db62e5246db61fcc4924933f0f4d6fee0db2d5fed6db6a6af36dc09a8db6db6db84c4c36cb3332db7b6d3492490c08eaeb32ec70c4c314cdb6e2d416dbe2571b6db6db6de0536db62e85b6d883892412002537c5df608382556adb6dbcba6db6d869b7436414db5936db68bc9b6db6c1b24024901bfff00fb6ae01b08ec1b6d36db6dbbdb01b9866c71b96db7c26c90db6db6dba249249244efff00f6d77495da7d3648e9b6ddee26db756afd9f26db6529fb6d96c56d9fdd9249249fc353eef6733f7301b234bb6db16671b6f479aaafedb6d7bce6db97269b77f77492481c7c0bb8655d665d39da7696db67c2eb6dfac368645b6da98ecdb74cd1b7437e9c24994cfedb86db37fb77cda120cdb6db7416db4126dbc9b6db6402db6edd2873c8bf7e49918d90626db6d44db6db6c08db6db7e36db6cb6db6db6db6d96db6db6014e29254fc80ea936db6db6db6cb6db6db6db6d36db6db7136db6db6fcd5b6db6db6d96df9249179074506db6da51b6db6dafcb6db61c61b6db496d9b6db6f512c6db6d811e6dbb24920936a3b3db6d9eaeedb6d8a55adb6f26ae6db6402f86db6ca1d44db6da70185b6e492485332a7cc6db6e491b6db3e32136ddb3b05b6e92d36db6d922585b6db7f609b6f492491656fd580db6459c36db604c1a6dbddc49b6de874edb6db6ce68b6db6353b36e4924921ce9495f1b6c01f36db6dbb436db6c2e996db6ca8536db6db6db6db6d98496dc924924adc3827336db65b6db6db6936db6db69b6db6db6dbfffc4002a11000201040202020202010500000000000001111020213031f04161517140f150e1d16091a1b1c1ffda0008010301013f10d5357dc018b090f2424c7b90c9bde4e73d127293180ee61f0492e4fea3713102fa22a5f91eced5db613813fd38ed4d118d9eea9244bd84c9bdd478364e4acc76003b6f3c126d2714af54bfc3485ce70eb4eaf2b7a7fdd020263ce6f82485e34d3e5cf0b314d241bae943fc2dab229482b46d0a4564bba067039fa702b834a7fc6cd22f8d6fa2630897a53492fc18ff005abf1f8e7f818719a883d30614f3f3b59c19264462c3913204ee4684b64587910c91a483abcb458e4b7763c100be1268232246384cb535e0af5e648c27c6239a7468530a40a9ad59381027743d1880b0a339c091f4192361bf95bc1021f969c17ce6a87bec3ddca1a3172e4eefc3144019078b134776175cdd477cd87e049c3a96526b1d3576321fa347531e1a492793a0838632ed55f992d77092460e548e99df9d24c3b4a5e3bdd55f7b4a77dbb2375c52516f938992837428e84ff6bc887a753cd35a53aba0f8d118488aa97782b6d92f227a66785406a1d34db71a594a0e90d798912723fe4f6af64b033d5047e6762be474a810b164b58aad8167de6d6303cb261e449a235e5f78d10f2386d0f0fd0195f67c0855658e92d0fa47ba9e0862a1d741ba08facfa84790be4f737a5e213e9dfd1ca6af42a8977d1da123040a9bfaa9cc44f3daa39dff00be0222bb3fe8443e74e9f8b25d33d9932e916b4db65dec9948b108bd122c3476df5f413a4f517831b3094976639f4858828dd8507309b3b07f8f6894c119f619ea45f1759aa469109c508e19c5d963b1050ae817073f0a36feb40e5de7d33ea94e3b886750c197f273b17f934921369a3855b04d25664db5f8a59800e5ecb19c98696e915b925c688fbd33ea6e7658901bc8ea9650ac2288fba93d5473cdca774f8473a7e969217d219d2292469d31adf7fc32c0dce5747968469a4548a0ad7ae80e9563879030d1ec888d26643aa02add3233098752cb8b1b491b4e8938724bcce43bf211e0878dcc8d0144c901a8869e1625a53d194accf95a1576394941176287e73e1e2878e1f2303eae6984612a0da6a188c5b38830b2a2220772c411499a483b50ba1acb3d61b713d0898c0a138c910f86d1d237bbcd27dc8d574f1ec60ee4406ba4c733f4236422d44943dcc1c9251fd89becf81da1111d15d436520f256ead7f1be272868fcbfade2a02aef64911a68d37511c793ddfec9d2fbe44b7d8a1085122c72466633bcb03bf0b193678f381a2c862ec426e60d933199247cd4795f262d48f779d2056b8edbb4b0fa9d122e3dafe0fa2143c78e356543e284d67b9f5c88884cc19cb538f5e06e4890890502a6e9fb2e61a268fad22e3f073b9aebf820e9cfb08b46763ea2744be89c2484ed9c9853342ec5507335ef12607dae0553e0bdbeb8bc9a75433d456e3e447a176a7ea85d9e3ee23a46942acef907c2eb1fea33c62f9b18728980120ae85fe216efae5165d9c37a6fe4b919eac818f3ac2e3b71ba980b1173a20f4757b58a7f87470f8110f6e8da4d28ef8c86921df48ab2c454420224a954b9df25451a990813ad1099ae455329accc32071b8c858d16022fc9b4e45d5ee3fcc41c01bcaf4d0fd3bd8e3894d8c4c7c90c72668d335994123950351d29e68e492d7490b9b30123d77e40fa0adc11c3d5a6e4c064c04ae435234d8641d583920c6cfd75a88452fa04242664434e9e1932111cac49e28bc094910821fc8c050bbd8bc8d64b81220f043a1ff0077ae01cafc25c2d1d28dc2f48c511e8b6844ce0c98081d5773f455bcd903c2d2e3dd85af5793334cf290a0ae65604866d8c0ccbfbb489c5c9584609123a4e87c717f284706baaf82723a4ea9fc8b9140f98f7dc51a53ec85f6bfe2d7f211e71df59d6b176b448cfe3670b1c106ee7c0c92871ee1b6cf4dd48173256c4e0585b316e4c6e79a3a6424c495aa8ca459264c464a49a284f6e6633931087386d254970c1b09da786aea0825227725e676bbde7435f0773bf26582245da664293b423311334097a14bf40fa8cab0fcee97fbf8be9d40756d897693a0dd43ae3932b9bf213ebedcc6366db7226d3c1133559b2c62b590ba93a2e271ec114e6ec31dd2cf503994569e313767948edeff000a98eaef706484e83f2626bc6d32a9763a08743f881c9a94d938e1dfa5c8cfc733522027a2e67ab5115f6067790b81b3ae4745e93b573292913009456822cc0efcaaf15b530ac8b8c28d8f62b124644d2b9564930baca65047149513a8e8654391bcc332c5ff001940e4b450e37395e771dd3947e3db4f829afadce84e382f983348e1132125b1bdbe3ed5906a1c55e9e83801c736c0ba988cee5606f7aeb81a4cbad62f2d26c09f3bac4826f5263baa9136a4f766bfc16bf127ca10f9cc420b4d7470eca80f06b92a1566a2620246338a19f57b18a31ca7faaad9656a4d0427744ec3083252d4d7a462a86cee4a738ba1ba48a1a432d241e8d6886c0ad7e42056378b4d8f63363b174790dd670aaa84397b8e6c0a07f9aea4b17215998f61cd71c47f41c0ced941cdb9b744f235d04cd89c6633f5a4cfae177f2588592f448ac88c21faaf3add60b87da2f29e419cba425e2b13a9542d0ace1aaf369cd3928dc068f2572acc145a6aca55492b2da5498be093e80feb75fd41c6852705ec744597639d0289ca3d7e7ba7ba3e701309fd31ddd15f33b5095e82ebbd73ae9b7349b739867a2e974f37dc5228883445a367ee9e5d2bccb68ab0c79b2df8194526cf001119a12d2c739c028d83c8db02f0a6145d444a43c921422ddb849c9598c3186869708d0bc561dba6bb15ee98cfc621a4220bcf8695688c6244d4cb977c83dd2664ca813333facf2176c42b490d426c7efb23a3f879147850569b49b1e358b544b51cde688269418ab4a639b0ed912b54c1e87f47d7b9e471918f029174494c96be80994bb66354d2bd3ae552f7fd203f63ebfcdb4c96529ac0bce113c133889e0c09197464151c2bbe39a2e4dd1334ca1519a59dfe1a1a2540e4a490c718dfe4965a372418d9b33220833d13d53348058ecdcb2043acf2dc3ea42450c33ddae91d57672244f85d3244e6b8cd397133f6444a22a0cd3d917488a4529172175143648ccf188c5f24d84323445eb45c634aae0923e6c723d85af27c98a75217c885f9e8eb7e714661f74a63a963cdc7a186642983146060b6cb4d3d4486e04f920a657e1a4550ea98b847e553d0f6f6e3919c0628e54c8cdef0ce750dfc8edbd84a3d185bfbd5917aae279f464f93376df10ffa6fe3d8d2ca790762904a32ad2cf7c94132e96c4f9020d056bb8f3b4e9cd07d0efc80e67ab3968136921b12f2eae5cd0de17cd1f584ac878ab6d39ab7c378209443b721fa533dca65066972ec9160628830defd0dfa3c88764ec069ba8c78d690f12270c23053b143d1f98031d27c8b4821533532d708a0755d5b16745e8f47972a1a7c91508deb07a511a02ca50c6a2b0da12e9e316cfc699cb102651489599bbfd64445db24478876b0f91e7243eecfba83c77e470b20530650df708d0dd1261baf0f347e64fd3ff0e9f44c6cee44dd2231c64a9be598963460fb7b2e451f466e4c895e9711e35c98ae154b303a1710480535980b78319f2d2659e4f5cedcd9e3367d031b65129843a28f04b65df9892757ea4a372984689660b649cf8f4d32d19499c592b450694bf1938276a17e848add14581285f8539736244c2b38b711af549a490db736f3f830bf3cfc1b83248cc481514bf786c78f5ee9b013a0ec3bee9b93510be040e629a32c99691137aadf06acd22326f7c1e8f669a07912d57d828ef2746c9227172454061a2b705ec3d089b7070c3fa9d3e04297228aec9dc7e741bbd246bc2eec5decbe21440b197a537ba3e0e456ad2e513dfc7a440e1dbb22fe872275ec860c5d5f70c8e9d17e0c68b757ab15038eb3fb2c549f8212326dd5468a82d1131ccb3e957cb3eb50c2264e8688c6835d0668d3474b01d24fa3e0697dd16f11f75c479ed4af51352e92af8ab1a6258ebbb2549ad4eade68d364ec9e5d918b65be66b9b928c30aab40f774d326864e284aeca28ddd9aedb5d8d31eaea5f8efef72268a89aba453072c8ced003bf042169c6e2f3d4a9be2b5393f08cdf029ff00d47c8452e45d03a8fe1208b285faf745d48ed19d06e11a6dfe517a62ed08d5e7f55e4ffa43ca47f6413e32fcc68eea04e0afce2ec83fdc10b8444b8d8054849c26b7213fa368d136498a94812daba518ac1a89341b707972442904991e1ffb6383a4e3124534e04254d7d196f4db44d9e8d2489250848fa4606e6ef742f5bf24f95d93b17e31361362c831a7323441d9801942ad111f21320a54626ec8405a4873a67fdeb9263ab98ee2ba1147111c5220caf07ee7762751fc74d33a4394998722dce69a4e0aafabf34ab13b45a677215504136719321e2c9e6ccc9bb0e8ee184dac76141070064dd77ed049831cdfe8c0a7074b0f2818dec860b2a780a2e4bb1f0349ce897ff20d4d7c5f3761da4b744f9033491162dd4d85a334517dc67e9ed57e23a7a19e4443bac0d1e8850e589181222db892495513aa2493c4a75fc982299c59751f840265487aa1f02b310ff73c9334e2011a724ce6c313f402992fa2438e4f3dd69da66b90ff00a5f95ee2e6e6f5ff00d2e09ff71c1008e4eb463cb111a73eaf148f860f70c0abb40a82e91794cf12d25929515c8f716a860e5eb7c121aeb6863bbd9b333dbb8c09a188f92057aecf032e4812a54a340ce06aa753baf7c1da1a2c2aecb9a46a04a849c48e8c2620f3104259233c1cca06a929f6ab32b556ba53931c93786f9502767d09ca889f0fb7509b2008c8b3c80f71fdd616fb12e32badf3c0db98eaebd7b137ff001f0bdb41a5458933329a65116aebad0a24815d26ee11e862a9215a3036180884b43817d4b1acf91a49f847b308dd18218471527b3904cfcdf62462bf71f01819198faeaf2f17d2a4a327cce0c483a120beef82597e23a6a5db274b0cd1e9d0fb865e9103b33f78e88f59c5afb3cd0765ddec66b0ea56378d29661b91e6ac334643bd1c903d002c650d1803344bcae89a1a849f5d70c0387982c0fe4eca3d6986831f6540c184665bce6902b608b9232c69a274be0fe5251724dc6b51f346b4491644c87cb2e6c0b5bcbd66d83d9612a949360f75ba421e89f0269ae7192932cc9834464b4c3f0f5640e48864910f176682ed6be8e38214c0ca98f4a3311d0dbc31fb3b3af66174cd6ce5c0cb502adcc8d0ab58747566b785450b040449ce1e80b83549b84bcb5dd6a81c38fb9e08a471f54248adfef1ae47f486b2649dbbf6f1ef1942b4d197984e548c6bee3144e38328d28f51e890b4062334cd7a3251a5b31aa7a8f3b150958b0aef3a6d410646e6827f027943552f6beb4d35da644254acf612fc90de835978149c4c4e62a0f24eba8f03b5cd403547a24852faf8546d028f6ab34ac9be26518226e51098c804b2f51bc0e5bf4e1cc63f699d15a28acdae6dd8fa7c49aaed31fd16abe1516369ca1c84044276adbc4cf6153d343576063baf3e48fdfb33aa791b59cd474ded983b8b746992ac276f1e422e713f8228a946c12e960e4534cc22c3a889487a8399053a57e3b39932f29257440bf3095b41d4a34287822a1b38a50133c0602d85b322a91ea1191bfa404f880fd90101aded52cf9ada1a3a93c1b693d13c3506e836aeb2e78a779fe1b2cd254e946cf258a84261a2c5ef24a1e535b925fe4c23ffc40024110003000301010100020301010100000000011120213110304140515061f07170d1ffda0008010201013f10f931d70fe984cb2b691b3825162e6813d829b645aa148e4de2f989eb0c398ceb2998ef8601772ce03df0469626a43e2fc55689ef8a25fc9ac067b23af4a69b2f6130bfc0d9884f33d4efe266a65a16af34aa112d6751f0d8ebc3d8bf8e40a2b2df4ea8ee44a7593fcc2d7ff18e9ff83e6d3e486dff0080729c36e8d5309a7ccbae39a34d9ef89df5ed05d269940b370e779fdff87b69745420a4d97c7a07e076cfcaea89dc50db265debcea98ee669aafcadb45c8b879f6cbbe078b931837d19dd1f886f50d70334d5ec354afc2f88db8a6493364d1fb788736259ad8ee47b626a12ba16fa0cd1fc11bd4d611aa8d6733f4b1de4216e76a13917bc7e6929855af3b271c6b8eb485faf9a310d36bc9909d373ff000d021936c7b437352a834d8c3d164af5a7ac506ed2057bbf85daabf2583285635c7fd242393fd83e11afe1a29b218a7e6a391b6b14baf89bd99d4592c33cc9d42c7a525934ac9b26c5528e6ca96e3c78cd1c9d545ce536cfcc1ed02514c3563d70d6a692af887e04aaa715f053b8655964a3b2d79ba2162c40a4935e324f51072bf82ba37286072918b6412f1b872830f626d17886a2db8f79c52c9b8b634d90444fc1d3055a62531aaa1ae7e2a9f3f236a3265e6294b3a39b546b82765a55875c5c7f275492445ac4925167a31c81c31fc8d51cdaf18bce97bcff00d19a05950d827f00a792f3b540ad32231f8753cd54f40bfc74fc124b995f83692acfc418f15c84eab83696d8a157a3bd34d11708c424e61d94618e07b522fcad6fa1c0fe4b474ff514c7785febe1d13cbf8374c7b48aef2a6731bc66b41e6544f04d1ba225e0097cfed6cee1390d15325a2cf9fde171d90d7d0ecf897658eff04fb3fa4d1fd58d21bea0d98ccaf606748bfd0fc06bd9e463a3fc9e55e6fd9b960c8ab19f2c8a45e113cc582f0fc352883f15e8bc1746718e543fd3c9edcb75c9a26a256c4bd0a91c35cf4b11df9ae0b6c5b7d7d700a3a328843d32564a12a48f964bd44acaedb0ae09ec2ecbc60ab917cb5a2e51651be01c9e73bea26f1ed186ef25f4f253dd1a41d027229336c6e98af2c5f2dca49acc48ba627e0fd456dfe9f41e34d7a7f48f31337e56ac825861a8154a17be2d3688e83fcb0eda9b38a4ebf68c6ebb9426228b63219ac6385b58b5bf80b17c1d94f4af169a59357c22ad06dd8be03bf06a3b0ef1a3fa77be454914f7382d1b60709f8dd299b68ed189e156a2c214a2f0ea41a1428f899a1e343e173e6c66d0e5a085d124be291f313637b4129eaf18588d7a17e873fe06d363d2c9d0ff0080460b2d93c0d2386dd15b61ad210e09c897b891d05386dfcb43999bae15ce0fc9ec74269aabd45ef2f2ff00927e78c4fa43565f24ebf29d2f2d6aae7d71dbe2766df9edc8fe177e63ce28f7483f818d21c291395212e86a2f16e2a684b96fc916898b27dd0c79784de8a5712c35911ec796a68170fca3722e0c6b31fe5912f610e58e204da3c99e6da5f6de5c28d4eac9e247ab2523c6cdb3572323c34e2539e6a0dc1b2b83764a11e8deab1f9059a38a8420d4a85cc94351168856148c4a8b1742bfa48de24f46811fa047433a58be4d506bc6291b5631550b178b2cc56dc8152d7c0b685e78f5e42109e4a43c6925c1a4d4659af5e61d303650d7af0bcebdadb0b04a8378a0e89a0470f29343246ccab63648318f5c4458af246c46355135a29db5f8626af4a4c41b22a33518d804cb2cf01693274868c8ded87618d87f93d4be9395ec9afa526d81d35e194b195a12b1f22dab27f59b103df162c7cd887e0d02fbb7efe2343d98a8a1eb124be0d27a621a8b4f765969413abd5a9c6bf58fbf1fa2734b7734fd824bccac134f9f5e99cbfbc56e6d5b397e96c9cc13d1f8acf4c675710dd7e0c9af96e9277dfdd612c7f89f615455cf874cb9c093bf2a1f326d7e9cd0e9c73634ce7c54678be9f8055c6146be2dce89ae22e7ac13c7046178ca05e2fb89e41a25f374487c2348e83c6f344330a8f4ca26f449a65787b5f82156c7a2b2a72f1750d342eb615af8d2512a4a4ac5bd449be6dc54ee267dbf3b742eeb25046a403c5cdc4d0fc4d131afcaea50d164d52e3c5b0a7795aee33d5b08876751742de9909895acfdb4c5710b543c591c9a3862e50c341436337f1ab29640c5a31c4a82fc1dd83ce896a1232d325771e905aa1f7bf09c8eeb19aab08f162f05ba62b2e3c5f288aa38347c01b87e2658646eb36be56aa7e21d359357a35420e88e3f841ce82671cda16e6761f96349f4e615e8e9083924b99a53dc4fce346fcbdb57275d2e761b0d11bbc4391f86edc677e5de5e1acde5d5a210c4fb8a899d01458b6e35c09bd8925cf84f1b0a4bbf07bd3197453a24973e9d138bf26cd8858fb4f444be1d52001f861937e02c931532fefeebd7e1127f78aff5e00935e2952ec71488f36a104ae86d5f8df7f95010436c59774c4ffaf9defc6cd2625e11b8277993167ea84f33f11a1c9b440ba92581f37a68cb6caca8edc9c5e4c83d7f8dc6cf9862dae854b849dcdb48d3a191f9b38ff1b6dd9e7ecc9ffa12c096ff008031c446e4546903d262771373a29a476fc0f643c5c16a7c5f29129c42e5f39d1782dbfd131d9f376de3fb473c5c64fdf1f5e1a370d320d2152976dcbf21d434095816d13d23c9cc68df9243740c71e5bb9ac93d2abe7ed72347c186fdbe3ea2dc3c8ec16de2051b41aca2d5f04e90db979a77a9bbbe59388acac353ce73cb487b8ef1793fb1fe084bd56d36c88585241205498a4725ab120b727eb36b0891c92ad84a7b3f512dc0b6f9764ae700bfbe5c0c344823711fc30e8eba2d602db2b0bdb894531668ed7e3e8476073ddb696855a322b247784ef91c4613c4ff00b1ac1fe9083702df8a30d74c684ddfff00104ab5e47b8254c9a4213932c89e125a61aee34f3b79347d63f0b269b42bc354b2638104c244fbe285afe7eae344f54eb7cc3a04ecdee354776cf2b04313f31dff00742fa47963aee10684d0d323f178fd26704d603545abc2ca8be02c4cda03e3f07d46fc9ee7c5bba7425a9e357f8d10c6c5958492f83d0eab17eca3817f71bf2ebc42db090a2e09a7cff20345d173ff00179a7b18e792917c8c4f18443612f77ad0abe1a8ce091f3e3ca1bdd16523e7f1eed1667e619d8a6835cc3879b69214e7c0f746897b7aced66b7e4be34413c63e428f657526e1be641ab30b4e23b5e1d68eb29d57296372fd8a151e2a13c3412a358c5fd04a51df89d4c882196d788da9d529a0b6c24b9755721378b7d11235b06ed7c1ac20907666748f850cdea341f6ce27c02d2c89076b11b2cda814b8e3a3424b797b0a0c0d8b90c49f555af20ec04bc0ed968db069482701112b6f928d2470cd57c54ea0f7eb95869a2cbd939bdd62871fd4cc34b8e606bf6f61edc29a1f08c49b2cdf914cbb515d4e42a1c3819a0c5ced0a5462b58a0dbae216fe8d27d137a122c6ed7e7fc7c9933e6fc358c8a32daf26a8c0fea1f55f3be8e935ec717c5e876ad32bced2297cf7214dad04072b3ff210acf34477f0b51249dcf86a45ea8ad962f34358373a26c09dc1bab1fae468c6866be30b82b57fa5173af93c145f127f3713d1f4d7dceb8e07a693e9c0f7a235a437ebb7151fb167df9edd0bb30874db97b47dfa5b4fa3fe84d825be50618da74e28812234e906c316ff00e1a139cca385dbc4599c453d8ef0597647c6f7d11e0f63838a624c930f94d8976255c1292745731d2c677e7f188fddfc3eaf67878a9cbfc06737ff005345647a65d0a9676827a28d93068d904c6da530b7e0ab643f76713f36e4ff00238b4450de879e3d3165314828def629f8b4e826fd0f699b58de2ac8997858d2704fc8677c9ec47a43bbe33456be0e4c297e2ecbd86492510f0512126d0ec89a97f887c866c32594342bdc380db909678ce86cc995ff001c14b408e65d4d0cb804d05398872b23a4cfc836240a1acbb9e2fe8c8042309bb6519fa4b72c2173252c3e4fc95746ad8a678c1a2902a652b0c4d31573ebc27bdbc5bca063e70636cddfbe50af2b1d6a59a884a2c50a2568816626c22702d92ad062a4f86acd6218b624e8be738cd1b16d457578c7ee2492d65a066ec4dec4967c063850dfc6149921cfc7e34e8bfdbff9b1adfd9eb4217a8d0bc66a364c8bd6c15f9f29609ad84a613249d9797e09f4d09f76af7e2d521a144a237f640b14f3fde4ae442950bfc052fcb6cfa2a5d145b420787f34d3e6672e7b3034d9b123aabcdb238df2ae1fcf9e2ad7f0f68ba29a3b17e5f6f3e379edff007e71b5bf93b806cfd4d821db7bf95da4ba8a5a3c5c5f4e7871f8be32310baa6427dd940eef34d07fec4e075be181b948aa1675e3288593f910d14835fa1c15259f793f79c916ba250bfa8fd05f82948958dd3904f4f8b7df3453fd06b7089717f93f40e7342fc557e842b0c7f8659168b1e81c1e0aedd878acf80c0fe6b6a31cb9942143da250c52d46bbe560543db6406d111c5f1b390b7432a594e681374644517c41b3d04e70576255c5ebfe1281dca143d0c4ebcd526fd05fb1478a4b16af61d968430c11086f9a5504d68ea9d6521dd4c90f46dd13742bb4a599a5933d9232d3855c0da51fe5d12a510e93e0d26a33486db468cc194bdc1a33e2ac947500f6bc6dc68773ced858caabc4d27d288f4510542bfc8ed437a67f04d1f4b2d09749f0693d31d32091b828d77f916bf7122e62f3e3dc838cfcdfa29e2d850c44bf03c99327f86ffc4002b10010002000503050001050101000000000100111021314151203061718191a1b1c140d1e1f0f15070ffda0008010100013f10eddc0388b090eb103dd163d6050601061374d8eb042e180c1e970f9458c041768203078448f845ff00c111fa47b3020c2f5861ae2fe47b010bfd8f6604185ee061cb8ffea4103ff98023fd783013d70839c60f44c183d80910307b00978c4ec8439c08c0f5421ce1e30607ac10e72a32f58404994eb04180b043d02182bc192625140c7d84ff00d60a081ea17030bed257f1828dc75d3c258c2df5960601c2c8f4867fb705840f502060385e9410c62457d3a170762115030020f5270270fdbb070020c07e5d700c187acfe180634fd9d40408701f975100e22c24d8748c1008728c1d988cbfd9c1d90307c448c2f525600c7e5d9842c898182e0a8340cd5d03963226c90e47aa959e222684335ad5791d21c92e1802f52f17c9ad04a93d2c5ba71cc71cd402f5044c1e9eb041e18303d6180787608fe11e80c2f6860d11ec060fd47b8021c5945f1b971819ae6b2f5e78fd63eee7819b22e2b9b418f59b48fa28587bccb83db465b855d1eb732ee73233b285b23adc4eca619a2841251a20b7bb99e166f9912cadc733b040830bff00ba6a4ea8a00dd596f78363ba258732d1b55e9b05748dfd6109201a22749cf01c2401ef4fbf89a4a549c7433d000b6faa1ba42323bb401b7b3595aa37430015e8fba10329fd48439c60f662d1ec0404a478c4e900f2e6eaaf07966605b64fdf361ddd5fa3a0d8f8df1b54595b9ca031af405323830af06042a97201b54f658db5c9760191e0b1d26c3e2bfca83ba9866282afba0439c08607aa08afee30702ee8f60041e51ee8083fe08af0604ea081023183d40a25983a0e9056a08d825e96e4e3397943da1cbcbcfb748d9a99e51359aee180e351b3d48c109c259b023e2105598f64480e5d17f3e1870306650a5c9dd72f1308d93a3457deb16454acefa47d30706a3b35b185fd3acd4870c162a09dc030c6080fa75385830b043ec052600fa3a156f676fedc3d8d5ca7a60748eefad7d48ba8cc6766f370f8e1c0ec6b1ece733a7ecc9472b404a11f412ef23e8c32472336935f1a13e918f0c284b954e825eea7933e4cfda0431566e70fe43fea5e2e34b0c1880fd3a542402a0c3ca2e8eb7f1083bd81c0a843a91d9d5ba304611b7a49e9c021754715f1ff00a9fb40f7f2eaf2b0cd38c889a3ddf7d0e87890e0fcf4042e2e5d1109900d6af94f459bd507416b2f5b9596bea3598af7729977b2a3937f79fca3d22190eab0f01423c419f50fe2700380c16fa8843f88f601a10e11612082f7439cfc23d86e22ff006a5fece0ec0c02f45a17268f3918683e7f567d8570e0f9da735bf206c8e86fc6ab2d493914ff0071dff25497d80dbd2c222cddcb7348a576f335ce720e6e5e07e684b8aed7417c97bc22d9f946fec6a1c7c1022a2c9f6b763dc86e2127fa41909f847b20965ec824f48317bffe90a47dc5f4314f67ec302552f30d899433cee797104a5d4163ecc04000003200d89ae9d05ee6ef04bd7375ccf41c1e2520dcc4771331120896c077197a5b53aeafbe748439c2139df7912e54088fa3932c5b5d9d55bfe759804ec881eb9060181c0b81c0c3a9d46e7ea180b1d044eb0820f641841b39f347a1d5ecab369c2d39879263e62f4c258f23d37444b06dae5340f596eb15779f0a1f72a5aca79fe54bc7fb97fcf4042c28ca79f9e664124f8e45e86bf5751a88382f31e1d410101c17443d00c2e6c361d14c6303f1d4bf48a08e3eb041c30691813aec7fa4c98a878e9d71cfd371457866f2cce4c3caa5c8cf2ace8051669e9599f4bce1acf39faa6f80662cd3bc9731cd92f0aaff003e8cd05487a0be8061979acffdbfd61043b3b39ebacfcba48e3c143eb9c7fb18cbfa7410c7361b08705804184dd1d0ea207a9184820bd47f8e82e3d418615f0f639582a5f5a657acd0a547fe8378ac43ff00ddac3552b227bc874eb8328ca1ea34c5c068fa1306bdd9155cc11e7025d4e4e9e265c9d5bfbc711c004cc15f37fee952a2a86bed770f72fa48c060303a850c020b46168e920315aa307109fc23d8142eb1ec17704184820f510e04ad197df0ae3b2c32aa0b6cfcc3607addf349eae340ccc7fa7e471dab9c87444a48f44bece39fd4826e7cc00f61906d329252a2191740fab2ab7a0cf067ef48e528cfdbe8e4e7c7a6bb23c254b536c7e7f963a885c743b0308b967589fca3dfbed10b87b43af9df1fe7861b2cb3ad35e78a90c35683c7d6126b4f4b9c830b899a97c410333f5854ac32f92fbf69c5e78ac4783fdd75dff449dd207fa6041c41a265fc49727acfb1bfb9819658f3143edf8cbc4db10aa6b391c8de66262ad74a42dcdd3bb6ae6bd8f8bf7c9b478f41cc395e0b51c7c510f57f95e01824ec1684a478c4eb39c2048f189d9103018c1ec811ec04030163030fabfc43e2af1bbbf89518618e03adc7f9c7b96ffa32b961d0ba4e09eb9a0e2cabbe784ddf0b326bfe20e0bba3c3a89463180eb2e08bb84e2c18a2ec4439430483c3a945c18e28fca7fc68388bd0a3efb936d35f50a5f7952bd6a5eb98891f545f56ff00bd57a30f3351705b8ad1499c35f59856982abc016b3391e8412ce1ec651301c4ff004dc4312d1e538b2a38a884e2b93d98f051750e9283acec208980f6970b049f58c4a58a0fa3a9cff6458bc867e90e602b44d238f7c4f47c329dac3dce1e9041ecd4a8799e6b40f0a4f3007aa7465195b7e456ac6e23dc089b43e6b2b9a4e790cf1ac96f66eb3f7d0410f47247b295a3efa342a2b443030bf54a12e44781579def6b95806d6921e2d98e81c530721a1f50ce503543069919ed70543647b41085d51e1d430c008a23da3925c5fec5d80859054b8f60371061a81f5cb1001a0fcf8125dd9055ae8c1d8daa1ec0c0626af0fa6b0ff1262d3e9ecef7607aa39f06eca0fcebc8cbf36268dc159b7170e6ef2e5af4691c8f4ec94266f44fa6173e13a31e043241331ae3e0e5ece9ad5393e02e395274a8f760e7533833a4156c7b9042e3d91805ec90f7418bdab85a1805ec0c5ced1beaa1ee44164c3f1fa086980155c8033562a58055747407dc33013629ec5c007556f36ab6ac1023514de756abea2e4619d3201cc6ec41b994c910fa979533f7434e5d1563ee74a20019aad01e5664a2ee3a1e9a32eabc5eb50fa04ce3bfe7965dde0edcccb39b332777618aa92c8041900afac80af5439922acdd7afc4364f5dece8c2464652a358035a4cb3e82f7ae0f570bfeaab008738f6e604f6a1eab8ac2a2b249b52b350f047795ceb0ae0cf3553c619ab4d2bb3d8f8fceab02cd206398bb3ca6400f543a1219133c8baa55a4ad7ca5fa60d24516c71968ad66b53c4563496ee794d59e90d47d11a2271a117d81f01332c8f66d6377c76e67ad347fb698a3efc45a2399d8ac04de31f232f7428a0103508f40cbce697f39aea21ce3c62760920f189d6203a40597d90540c058aea10e7022478c4e8e38b2edfe72373cd7930c8967aff6323799536eaf921f30ad3eabf932d336f907a8e0babf66601ba57235b1ca5c11228ab7fbb7b9115dd4726fe3f57b4ce54d6dd0f72543cd665e827fb7eabfe2040af5f0afa571b6d135c46cf1df98e36c33467e09e8999e8e7de55ca5f93a4d390b5541eab359cdd5957a2cfd935feb77c467ee60206d05f011ddd8808f6042060145907585bb0bc0c61f976e0e17a77c6142c1f89fb7418f9879363d34404e8f3923c2724c905790ea4de01acb4d683c83776f430d85f4a5d4e0f1c44445a1cf6c3957dd952f900195571e4da660be3c93807ec15f5ae9efaadca16b57b5654f8547da548349a5e2c87d92f1d1664fc402abe09bb588c140ba31b064e5328ade59e8136fdcab26a2b294e32e5823ebca865a6da5cffb41ff008c412999a504ad50f61f5e02810cc4e71be993fb63807e3aee2136f557d20821ec50ce4c43dc8b195da000e25c13b0260224fa730fdb16144d2942e2e98c868bbe972a2f11eca39b60117a4fab5a25c5f861a41e0335e810965e4df80a0c015fd2c0f6b8a105f92f61198853c5a1996aad6ed13764ca0b2d051adb7a6a9345ab2f2975e9926484e5d59b71737d5cc8ab11730b59a71b31c072d1b968aade3886ed9bfda6600df92d580bbb1d1efe0c8cdc043fc49a9ee4741ea95bb8f2c3bb7b0fb8c8bdea326936668fc5940c601043b917ac950bd910d8c1d518247c22f51018ade5e00830bda10fd23aabac700c3047a0df4a9666b91da380f374fa6e99227e0bf22355bec7e847191962294b9b4c7073f96161bbaae6beab824c8b674978f5850fa933aa95cf32f3a51406caaa8f868e0b7ba3e5934cb5cf343bb9aa3cece430168e79e66f2efb9ca635022f715291ef1bdecfea5fc287954604152d28caf0aca0a56342fd05bc9d2601d9d907ea3fa8bd811f847b219fce5ff5243d92b5c6a7802d66ba3e922e4f63a79a36f0c18933df95b2854cc1cbc927f62996db17b99e38948d9d677910519e70b373faca20e5b9866a6adf0404687f67f033548569cd4fe66305f5a768732626e8001c01849ffa011fe90107ce260a4b261e99bade399fdf0d4b47e9c2a05ee374f33be9c59057c2d0976ebd35c95fb10926d0fa6742196dd7b828f94cdeeabf3ff3939c301878f649276491078c4ec107bc020930607ac08738f5822bfb90707723ba556e91f99ebca9a999eb07065baf1dc8092c4bd5384d335700904c4ff5cba97db9663932dbef37644f5bafee0c6781e13d4406031e313a82060154184ea00c4483dc1fd300e2e07d4d44300b18257626c60e05217813ee1b87d19867ec5cd16d8dc0c9fa6509f43b385e8f73665cba51c1e5f06f0405b8ad8b9e058ed6a324e7925f2674fc676013005cb20758fd1141d9a09f4820861eb12c50a0f7a98060fa75c380c67f1e91848040c794ab5696bb5b3e7a978fb32486b32fc3349f668e0d0363ccce737dc9736803cb6bdf02a513350bf449e9a9f333803085fec60c679e80c6e0fa1f9b82d3d793f23b0be72fea4709419aa0fd63a17b9cdf10386b2e530b36da49425cf970ae06c980a23d41ca1cc613017a5c62e17083ee90bc06d217ab6a1f28b18105d61f8c0b4a18cce71557bd42d1bbd3acc3a16fae47dc3504f42e1b8979baf8aa97e1fd21606980277e76d480d193130afa82c94a369e99f2fd21d2dff91f9023a58e7f031a88b8bd3dda67a7e87ee6375ff65a48665de4373832f4c0cf5e7d8a822f6622cfd2a183d3943dc5601632cf21e1c32f08dd989a8ccb00d0edaa5f60c03d981fd8bfbd22ba421e9863da01060bda39fbc02e97907a4cd0cdcb9bf2f4a6768741b793f920935d14ce5a9da9f39deb631e9e67c0fd66cf54b9789f68d99502343298c86c6a18133970642c6ac65e8e808b57e8ecf7c813a0e240602b860439430483c3ac812ff420252b7a9338f5ddc753b770acad7c959908dace8cc90741ccca119751b397bf5318e399701b95a9fec8bf0c2febab17e6692a72ddd9213960142952e7ce134b0b317536bfe1c3301dad50e43a4dbac0a837bee0d5c1175467dd5e89bac020e7183d7168603194e92e0172f020e38c507d0f51a90d03058a82758832f48716d8720c8f76281b6a9ca6e56e513449b395e7776af197b1d01bb6699997fd78368a44b75b6b019ea72dc9f0b94d6b35d20d70809c8cd64b9c3163155576df8066d8fc9fb589aab38c7dd30bd18ed7ee3162665132b5b198fa26929b0387548e9be7c4126636c3652fac602304d1922a385078b8eaaf34810ff8310c09d47f6c03881fd3a52393a012cfef05421eb0fe108187c7a804a80e061d4e8ae171e607469b99c3325d38393d770079aba733354076f9b6ddf3c10076a7961d2f9804200000a00d881162d965923ebc9e18a9b9e41fb58523cb23e59a218448002f33d2c67c8dbf6a5aa02fcd7f58ca53e22e78c66863d8412a3f08e2cee9b03f928ad05028cf0848d81be9b0f3c468291d642bd7218265a9965d9ef159ba5d92e06f2ef8030c48203e9d77d30483a848104e85c2d0700bd46843845890417a81e785c01f871d1779e6b71e61d4d955a56a775667b9f8eac0e2a89573c814d886573c9a43325b39e8b443f81caf0442a37eea8dde20c6eae6f373cfe59a57af9f87b7030032e5eed6f22fa6932803c7f808bd2423984280893a02d0ec8c317beec74c5a84d994bda1a981b1999046f80140e701c010e51dd1d9d419cd80b8ec7792fb252980f5863008187723a18281a066bc1101b83c0c87b18ebb2f0d98e41a3e70a92782fb399502351ad390b2a86c56201efd06eb186baac6bb52fdc3039a2ac277d50e921ec887b43f13f08f6442ff00e193f847128169f7a80740a1363cc26f1c3ac7965eb94cd18e66d62f15d4ed9cc98af1794c82c969ea9bcc90e709cfc13899a28ae3ad57b347fe65770087381193db15d750dd67d0d7ef5951e8f5f0ae5eacee94751c7fb5297f04be391a8df72481f53651dd7661d1586af4d63e21429ace41297866d8757eabcf6493db0619eb021ce04607ae4180ce1ca85b78232b5670bb54bae483d920c0512cec820601e313a5ff007aad7ae81c89f394366d56f00fc3379a992703249ac3bcde0d580a07e02b74790b3aae776de7ebbc3564e001e3c3023d177a81917cc0d4bb17ca54b4f81b86e33202a58e6bf95d440c058c0f58460381856aeb3e9828dc4fcba97f188b86a84d8bd163a1dfe271d90bc8a612144c8d0387b35f4c0076ea4e2c67625fd3a6db7a7610bfc01e9390727ee397da65899e77cb907ab348116b21b10e06800cf3afdb3849da0793f9504495d7f88739f6ebd0f98e41b15acf832ca5e1f9e88ecf8600b549bba5dba560238a3f2eb309c075a10404180fcba92350c0839d13447246597a3d145709bd4d7999e96e3b543560af64d9073226064bd89c18491827d3a68a6c31e995f9d8aaeccfa999354cef93b041b80c973cd598be9b45232239b4ae34f96d128390481a678b54458fe8e494215ab863ac698890d55f0160ea6b9dfb9714c9e95f5d2707fcc5860523ec804b87cc7a8300260617a8808242cc849c89ac0106d8006da06c0ab155bed0e03da1841183d0387219be0dc686b737d5cfb194bb9ae0ceb348560e7712a15a17c234f41be171e6597047d8bf232b0e4343553295ceb4c95564a535b137908d180321b4af9920dbb400e1d4cc41d2305ed085fec7b221ed85962f02f282a4ef93325951ad2a39fd7fa71d67d13f863b3b27abbc1f3278c4cf62799b69bf8c1940d8f608a0af21f215fc45a8b429cb98d5e51e6ca72aa9a84fd99035a83b40ccb5cd797d71ff00c7ffd9, 'image/jpeg', 'SP', '2020-12-06 18:25:00', '2021-01-21 22:31:26');
INSERT INTO `instituicao` (`id`, `nome`, `logo`, `logo_content_type`, `uf`, `dt_criacao`, `dt_alteracao`) VALUES
(2, 'Colégio Santo Inácio', 0xffd8ffe2021c4943435f50524f46494c450001010000020c6c636d73021000006d6e74725247422058595a2007dc00010019000300290039616373704150504c0000000000000000000000000000000000000000000000000000f6d6000100000000d32d6c636d7300000000000000000000000000000000000000000000000000000000000000000000000000000000000000000000000a64657363000000fc0000005e637072740000015c0000000b777470740000016800000014626b70740000017c000000147258595a00000190000000146758595a000001a4000000146258595a000001b80000001472545243000001cc0000004067545243000001cc0000004062545243000001cc0000004064657363000000000000000363320000000000000000000000000000000000000000000000000000000000000000000000000000000000000000000000000000000000000000000000000000000000000000000000000000000000000000000074657874000000004642000058595a20000000000000f6d6000100000000d32d58595a20000000000000031600000333000002a458595a200000000000006fa2000038f50000039058595a2000000000000062990000b785000018da58595a2000000000000024a000000f840000b6cf63757276000000000000001a000000cb01c903630592086b0bf6103f15511b3421f1299032183b92460551775ded6b707a0589b19a7cac69bf7dd3c3e930ffffffe000104a46494600010100000100010000ffed003650686f746f73686f7020332e30003842494d04040000000000191c0267001438554c5830396f42336a6567524649414d386a6e00ffdb004300090909090a090a0c0c0a0f100e100f15141212141520171917191720311f241f1f241f312c352b282b352c4e3d37373d4e5a4c484c5a6e62626e8a838ab4b4f2ffdb004301090909090a090a0c0c0a0f100e100f15141212141520171917191720311f241f1f241f312c352b282b352c4e3d37373d4e5a4c484c5a6e62626e8a838ab4b4f2ffc2001108019f02e303011100021101031101ffc4001b00010100030101010000000000000000000001040506030207ffc4001a010100020301000000000000000000000000010402030506ffda000c03010002100310000001e97c66205edcba733818a8000000debe8726889c08620000c97ad328c2a800005a5f4992b279dc58000000cd7bf2ce679ec5ac0000362f7e5a5387080000bd997625c589c88000002f4df412e6c4e1c00000dabe8e509e761ac8074a6f6e5b4ae9e6b16a000017d264bc6b397138b000095f452bf2c13cce2ac0004afa6c96cd473627120000017bb2e94b22844f3b000005f472bd28391138d0000babdfc9b8d49e7715400006c5f4d92c1a938b0e640000be8657e439f13818a2592fa295899c78bda9722272200002fcdedca8c2d4a53818ab800babdfc95a1be54e270a10003a4bdbc9cc85d94a79fc55c0001697bb2d66b2d4ce1e2a40005d5ee64a90dd2c93838ab8017d0caecce1c5eecb9f138100002f5e5d699c78bd796889e7618000babdcc95e02c4aa44e0c257d464a10b2682138900001d25bf2935172679cc5a400bdd96f349b0b533cbe2d6003a4b7a506b2f4cf358b162ed615962d862599e9b871edb17bd2ae646533978a80001d19bd29443596a679fc55c00be8e558dc6a36a79f800017b52c8de562fccf2f8a0005b5ed4b402c4b9d8ce502c1b0a874254618000024e9140da6e280001697a7328c5df2cd38d0000178a66d337c697e7beb27e339fa47d018ba3e3ba1af0ac62b7667320000257ad339f0d8b6267320001b0b0542e154c00001917ce7968c4ac0000be55059951c490000000000000000000000000078ed693a8d2f4e71b7867d36d293517d8369f70ec7cdc6ca880000000000000000000000000000000000000000000000000000000030ecb92efcfde2f83c773ea5b5a0d4de63ef9e9b898efb92fac5cbf76747d60b0eb7cec6db9e000000000000000000000000000000000000000000000000000000007ce4d5de2593a19b5cc4972dde9cad0dff001e00f0dce63b93a6e8a9f50eb3cfc6e39a00000000000000000000000000000000000000049000000000000000000003cf6394f413d779d8a63ee69efcedb9f191a9c0fab9f0dc87a43adf3d1b7e70003e336b2e3d706c69800000000006660000000092000000000000bdd9746679fc544000006f5f4592b44e0c31000066bd5994615400007cdc739e8b2d0ed8f33aef3f1b9e639fec4f31db7d1f07a43b0f391b4a6be832c0ce3974697a29921bfe4bb2f3cb8836af7e5a1387080000bda975e5c589c88000002faf7f2736270e00000000005e9cbb52da684f318b58000257d2cae4b59cb89c580004afa3c978c13cce2ac000c4b2e43d2ce2ed0f93b4f331b2a4f0dce0bd64f9cbd0f93eb075f55a2bed06c80001bee4bb3f3817d24af4b0393138d0000bcbdfc9b0d49e7b15400006d5f4d9379a938b0e640000000019afa2c9bd39117b32e4c4e3c00007426f6e5cf85b94a79fc5a0005e5ef64ab0b12a71383000c2b4e37d2cf96c01e66ce83db5b33434fd26358799e80c79796d800000763e71d0575ee64a50b322703168002fa295c99c38bdd973e270200005ebcbaf338b17b32af13ce4310000000095f5192842c1a4c538b00002f4a57c935172679cc5a400bde96e349b0b333cbe2c03cf6387f5338fb800f23c6525eb8be8f521f27d830b6c2400007b6a7e8fc19f5b9243596e679ec55c00be8e558da6b36270200005ed4b237958be9e5e10000000002c19954bf2a30c400012bd299cf86e36944000b6bd199462d89649c78039aee4f3dd77d113f07da061ed8f997aea9f6c76c9d5ea7c9f27d9e32f0db1400003a9e1ba9af3284369be5cd80006c37154b856300000645f39e5a302b8000000000000000000000000000000703eb32fb747173af93859fa8d9896391e32c7db1efae7df5eedad2f45a6bde6fd6758f90531e5e7b60014a7c9efa5fa4f8d58000000000000000000000000000000000000000000000000605ed9c6f7ba1b4afd6c3ceb62efe6fd46cc4ddcda7b4e5975ba985b69ccb47dce3f0880f929e52f8db14029f52f880eff00c9b6548000000000000000000000000000000000000000000000001aae859e43bfb32b47531b7737e36d1f23225e84d1d0cfabdbc1dfccf2b3c703c4f13619061e2f1db16400b2901d5f05d3710000000000000000000000000000000000000000000000001a5e938af43964a3e4f93365edb56183aa7ef4dff1db4ecebfa218b2d86c75bb2079c38ec18b21f52f9800377cc76de6400000000000000000000000000585b5339d080000002f958d2000002480000e1bd34e0de7cc29b4cdb3cd828c997aa759adaec14862ca6d8cf3afcc071d83041f47c800cfa8fd0bc8800006f5e84ce5c300000019af46673e1ac000005a2a8001657d2e4d872a270a0000017b52ec4b52799c5a00001d29bdc972a271a000391f433f3d66b25d7671f721818b43ae46f737a4c727a27cb26eb634e8ce3adcc07255dadda1f47c800f5c1fa678f348001b97d3e4da5289e72188000257d24aecaba799c5ac0002f5e5db99e37100257bd2b72c4cd3ce62ae0000dcbe9724125289c18000585f499371a93838a8001f19b9af553b3bd1f52a7cc345ae7639466e44b97d13858b27274bb98b11ac874b980d6f15c975c000043f51e24de0c0005ed4ba52ad0b333838a880002faf7b268371c989c980006d5f4792d278dc400debe932688692d4a8c4e2c0000bda95f95486f96e4f378b40017b52ea4ce245edca9c4f3d080039bf493a1e936d93659c644801898ce8f530f16ef6b679c63430a1bbcc07df927e7dea132000087e9b4b2f5f378ab8064bea72688682c4b5c4f3d00002fa396c2997259a796c50003ab37a92c93ca620017bf2ac9a96f272e1500001717a93292ec2d279e8000bde960582b1753cc40006a7baf4efbc21e87dc8003e61c8e89eaf7c7acb9dc1b096cb20f286c7c5384f50d7db000087e91cd9caf3308002f6244ad16ecca30a20000e94db49522d89138d0000dcbdb9564e3c0000000000002480490000665d39e5d349a0001adf44769f10fa950085061e2ccc9e18b89876b2c8c83c34b73e29c77a273fd6000087e95e3591a000000000000002480000000000000000000000000000000006afd2bebae000c689fb47b480d4e2e561f477b92c879d06dbc939aedb93ef000021fa878a5c0000000000000000000000000000000000000000000000001aeeda7a10f987804e44c500f338dc18c6cb5badde02719b3f38d1f51c57a50000cad0fd1fc710000000000000000000000000000000000000000000000000f8cdabf60fab0f33de4001e46ace6306eb9ee92a3ebbc02f9d6c78ad3f45c37a80000dcf39dc797000000000000000000000000000000000000000000000000018b7987eb1e9900031cc6c9abc193c675be7dcc77e7d3b11b2cc3d3ca33b9cd3749c3fa70000eaf84e9b86000000000000000000000000000bd22ecce2c35000000cd7b32a69cf8000002d958c4000060f61e1e8df721f2624bce43d38edff009a731da9d3f7e3d25f1ae69db78f8f7d0d1755c5fa40000ef7933b4e542880000bd03a994e262ac000002c2f66672e14800000000017e6fa2949513cce28000017d24af4a13cee2a000017b92eb4a9c4f370c4000c97d2e583758dbf1f03121f39bd0b2c8e0b279ce3fd24e4d9c72b685d6ec7cce53911cef5dc87a20007dc3f4ed39584f398a880016d7d264ccd09e6316b00006c5f4f937982799c5580002f4539c00064be865b6556172671315000005c5eee4af0df2d513cf431001697d1e4109c8872a0001d09bda9528f2bd3f5a238fe84cb78ec21aece3378db6d3c39febb36d6391b032ab4f51cdca79fc795ebb9aeebe600586e754f7140d92d513cf4310095ef4aecb970ea4b93139300002f525d8973a1d095289c180005a5ef4cf2f0000d8be9b25386c20ae9c6800017b12b6600b533cde2d2005f412bb2e543a72c53cbe2801f3935ddf9f2befad0cfacc8b53c6dcb3896f56df5e9d66ccf61c7dbe1a746a7ab1b3b18d991b3e64eff004e538d8f23d173dd90f92432b5ceef43aea2645999e771570095f51929c379a494e040000be82506c3516e6797c50003a537d04cf1b88000750c655a2f46672e1a40001b57af339f0dd376a7220001d69bb8d266584f3d000e57d63c3ab03cb06369b3ef5b4acd99675ec35e8c1cf3cba3bfce8d6c1ebc66ee80377c09dbe999c48e33d1345d6400fac673b4bf41f3b0d936c2712000174de505e9cce743400002caf42673617a5a6140000c97af338d0000000000000000000006c35c33944319035f75cf7b4c490460d7d9e8dd0f4b139faeb78e4f2c6ee1e9d1f5b34e6ee803a1f193b0a21c37a869fa2007bea9f58765e6a36744000000000000000000000000000000000000000000000001a6ed34fe9e001e583cf0b7e3861b0df96cf0abe1946265d1c0d1a3e5ab3ec6b1f311d5786cb2740705eadabbc0219ba6697174dc28def30800000000000000000000000000000000000000000000001a0efb5be8a001f10c4d1bb2766fc8d9ab65ab459c7559dcc7d73e78e391baa7dccfce9767e16501f9ff00ad6bae042e2cdd723e01b1a6e9f86cfa9000000000000000000000000000000000000000000000039bee307d2636640187a673365efacab6df4eafb34bb7696be31c7071a59fb63239cea7c7c81f9e7b060d90f7d53ed0121b0ae1f78332ec7cd09d8f2a36fcf00000000000000000000164d85200000024b8553000000000000032697d065cd76233b7e20043c70b3ef9e9deeac6cb5133e59de187868f4d95b71e7a77de7e091f9cfb16258641b8c6759ac3a5e2b7fc68031ed35dea9cba72e8baef3d191a800000665d2898800000be5634800b6be9326670719cb000002f765d59554f358b00000bd397666713173800012be8a75fd0cb99b5670b1abb1dbad320488b11bfd79e3165addb9f9c5bfa4ebb1a3d878f8cfa203f36f64c8dee864978613a2d0fd13c7c2000c6e9b0bd14f3b8cef79d1bbf3b892000192fa5c96ca113cec200002f6a5d896a4f338b40257d14b7ca4c13cd62c00001697d1e4c4939513910000b6be8b26d35279bc558000bcbdfcbcf4b90ebdbf9cb3c7c2ae5ecd007960f8d397419c7cc32726af2c3d37e181a7a568e9ec3c7e94062d873feb99fb5adc5992e6e19145def940005efcadcf8e2f8dac8f338b400003a937b32d46d4e062a20006e5f4b9313328c4e1420babddc9a21816a5ca89ca800017d04ae4b990e84a53cbe2c40257bd2bf338917b72e6c4e1c0005f452dc5271de82dfd6dcfccf1c6a7be7a7c709ba32e8f6c7844f9c33328f38616ed5851d3cce469e93cb571afe9b4fe8f1c8d9313e68d044e11bbd33db78f86001b97d2e4d10d25a95289c4800017d4e41cf87425aa279b8000bda95f95385996e4f358b4192fa19945712fa71615c0001d49b652b2ed3727020002fa59542d954de9e760001d15b732a472de92cf95bdc218d8d2f3d11d4ed8a0c5c67da63d25a7c9e795fd8706b6f3cfe9d47753b8c588d6e339531a589c490e8283b1f2a00257bd2ac9aa2de99ca8550000bda913445b33341ca80005c5e9cca66c5b69e76004900c8c4000006660644100006f2d1cf3a25334800024873be9f7e1f66c01f31193a6a6d73c0018b0f896a73dbf5aec74be469ebbbb1e9d18d5e31e89f69737138e01d2715d6f00000000000000920920000032312402000000000000000000000000000d2f736eafd25a007ce38ecb5d3ccca001810d2ecb7b2e46ac9b1a3dadb5d889c8c63c3993cc75400ea784ea386000000000000000000000000000000000000000000000000006b7a3968fd7dd000f2c696ef0c7da400c28cfd58fda3538c7a1efaa771e5d75bf37f620075bc0749c500000000000000000000000000000000000000000000000000316c393f6b73233cc009ab995f565e4f590006b318a5aede7969f7ac1f9efae605b01d6f9f749c600000000000000000000000000000036906b0000000000000593134000266fce7d865f794fde7b36562c53e230d9287a6bcfd4f4900218749b9f32f6d0621ce769c8f7c0753c2751c52e14cc4000000b26930000001b8934001f3924bef000000005b5f499314f358ab800037af7a54938f000005e81e872629e6b1550012e3bdc5bf8d938ba74e46edd919e63d1cedaebcb4f946cf0cb22600f1e636dc27dfa1c909e6b168796d7e6fec5e798747c775f32e84a9c4f370c400005eacbbb2ae9e6b16a0000595f4b9334f398a880c3b4d274dd3f0816ca800002fa5c964829c4f3d000095f4d92d989c3c672c000c97d364d80ab13cf42000e4bdb5b96b67cc461ebd79db768faca9fb6bd389376c6599855c86391c56cf80faf432b9282944f3d0393f42e6bb01bcaf3db6b9606671627320000335f5193220e7c4e1c000257d0cadc8694f338a03c77347d5743c5585f4533cec000074a6f6a54a1b0df33878a8800e82f6f25085c96113cf435800ea4debcaa43337cce1e2a203cb6394f6f73eb6e631f0c3233cc6069abb0df57cb0e97a659616ad3b8e3ebe8fce6abd03b592ac322c4ce1e2a2f1dcfce7d83cb36c709fd069cb9b0e94b14f2f88000bda974a5cf85c9649e6f169001797b99344302dcce3e2e600d37559d519758ebcb8f00001657b592ac20bd33cf62d4005ebcac9b0d05d99e6716b001617b7328ac9793cf43001a1ef6cd7fa2b6000302bd7c7c74edacddb33f38c6e7cd55dbf1b5acaf72554172679fc5a039ded390efbd21fa770a6685dc649c380000bebd195624bb33cde28001b17d0e528c51713890ae034bd667d465d4000000371a893335000192f566736168939e0000c8c4924c40615b9e77d95cb9e40018d861318f0d7ab2b76ff007cf21b9f2b4f6bc9c02c9a093715804c9c27aa6a6ebf46f22cca86441000001b4d4644980000333120d86b00001fffc4002d10000201030204050501010101000000000102030004111012202131600513223233142330345040414280ffda0008010100010502ff00e3f69a25a6bdb75a37eb42f65dc8eae3b588c87eb8ac0d55981b5b9766ed37744125f0a796493586dde6afa0a9a0962028120dbdc098766cd2f9292ceed20bc98535ece6bcd91a96195e8583912c2f110a498ec575be7f5e9cc1b7b912f66919a365057d1414b6f0af05d5c07ab28703578d241716be50f55674b6b9f33b49b2561b4919b479638e9afd454520952a58bcb93911d34b6b8f3788b0506f6d8525d40fd9648026bd2743d2c7e1abe4f49d318a079db4fe68d26b88a1a96fa56a24b6b6b7853b26595225966798e86ad062dea44f323e75d34c52bb232de43e5cd7f23f1d9dd6c3d8d34c21477676d5ba7d74c28788494be200d4cc8d2d74d597f0d8cfbd7b11982ac92195f808ac8acd2f3aff009a0d7a7e08dcc6e8c1d7b0efa4e7aeed73a0c57aa9743ab8fc3e1f2f624edba5581d810cb50e37ce17473ca82e9bbd3af403a1e87f044fe5c9d853bbaac7ee5764a93da876d3b6466b1c9b69610934cbb4edd3db5bab7506adc6893f86d1f7dbf60dd2929d1bcc5a63ba89c5736a542c658f614f7e6a5e02050e8b6f3351b79851fc3e1adcbb06f66f2e35ac8a2d4052465ebea963a6b88e50456f7ac73c6a4d5a0066d1955aa650b2e8786c1b13f60deb6e9d51b6605002a3b676a9632625b15afa38285b442a4b675e02d42ad7e7d6e7e7d3fe705a9c5c760dec386864f2eda38e591c00bac93aa535f3d2decf56e5d9654888344725b2cc6cac86d3e7d6e530fc6871276090187d2a89721752323e95a565b78574cf29a6f34d471f992b3f39a2f322b11ebd664dd69f8074ec1bb96485d5af5eadfcf5a8be2e09a3f311e0951474b41c91768b96db0d88f46b08cc0460f1c7f1f60ce033d300c7233c246422b314408b57afced4620d1ced48d76c774bb6e38e0f83b05fe6a23f045108f492458d598b1886d8b493a5788afdde388622ec16f9f877e682f3d6ee5da94064ebd64af121e9e2ebd8730c3684815e666b616e12d8a95f7c95044cc754e7357887c1c502ee9bb0880c06412a1a84683899b152b6d8eadad0cb526036b0fbeaff00f5b8ac1733f61c89b829cf117d2e8fa6dacb3a5f67cc8ae55f583d957ffafc5e1abcbb1244340ee1a138a2d9d624579aa6bc26a1e74d1e6819969a59f112ed8ebc43f5f8acd36dbf62bc5cc3034d2ad1635873400144802d5f2f76fb61a846134c6e6d3c44fdbe155dec060763322350502a7f9c49a16ab4cf9d7edeac8cc7edd20199f4f12a1c1ceac1374fd886ee2afac15f5b0d2cb1be937cf429aad7e6bdf9e340c35b41ebd3c4bde380366ac5c249d872c8663a32ee0bea09713a56edf43df1fc6fd51846f772c72343c1663d1a7889fbdc0bd54ed6ec2b96db0f03fa5e4151f5c61a21e875a719551baa2e0b51f634bffd8e041caade712af60de74e061b84472abe993fec3ec98689ca4f6cba1e910db1697bfb3c409061bc0dd8379efe0e740e2565e63e487e392ba511f72614a7228f3e0bbfd8d719d770ac8a8ae248ea1b88e5feff008872e294529c81ef8fe361b81f7530c889b4846e9b5b9fd8d135c135f4b715f4b7349673662890069ae6131de44ffddbe4cc68db7897d35ff9d26183a3ad29ab41ead67f9ea389e42d69b574b4836f03c61c75a910c6d0dcbc751c8b22ff006ae8660740c159938480694fa2a3e5520caf9640ce9edab64db16b37cd1dbb350fb6164399234648fd7270c91ef0a8ccf716fe4bd8a011ff006986e55f6b0aced3ab385a8e396528dbaba4b5b727689145245be7d6495630201be43c99b73616249a6325597ecf1ba248b144b12ff6fa69b457b3476da2083ccd1d4d6e0cd5b46e63b680c0b7fd8d1e6e6c369771b41578c7db59a6329af0ff009fb124e536b9d951219a4d5d39ab06152e96a32fd29e4670b80aeaad5b7d5b8219a6329d3c3be5ec4b9189b5201ab6c28e0753425e5bb9e4b1509044e5e4adc083252e77178e35925690ebe1beeec4bb1c26a29378e0962dda5b3042dcf47606a3457a70c0ddc1b60e0f0dec5ba1f6787a52b6ee1922dd49184a6200f700b5b3d71c612a54df1f0786fb3b1261ba15915b847b9412aac1870cd9caed5a55dce881069749b27d7c37d9d887a7415bdc6a7a467d4ca72ac1870f97e6944545d7c423ca6be1bfedcd647f20579694e9b6a33e8d10e159b68e71d2481f814196800070328756528da786fbff00d937b2261b7f8e7dd446445d744f7eec81cebfeadc0af3a2a58cbfe0f108b9e9e1e7efff00b1d03ac67f8ecc1146a47af42e44970d80a770a96acd06ff00c0e81d1d0c6f5687173fed936031676ff16e5f73714a3d44b350e5a639da0e5f86fe0dcb4a76b7fb66859e48c329fe24d2796bc523ed0fce3419756cb6969ecfc5770792f56edba0ff007fffc4003311000102020804050305010100000000000100020311101220213031404104325060132251617105143323428081a17091ffda0008010301013f01a658a460cba0cba28c73a43a7368639b7b690adb067a71a4df4bb5bde9387b5a184115b740de936c6967d5274cf5f3ff00824ff8212eaf2d71d74f14e11c33d16741ec5be936c610a2ed31d39b634b3c19e15d6c617831aad6f0ccbb4dad2e2001795f601a0578b22765c470b1204af9b4eeb80855844766e1709ae3617e8b623800e1719598157c6875b29a7013ae5c6acaf1b28957c4755e5999768c2657786ce535c0347dc3bd5a084f86d883cc2725c686fdb3bdb25c171220b887647fc5c67170e2b031bfdd2c639ee0d6899287d3e1b65e244913b2e2786f01e2ff0029c9188f3717197cabfe3b478588d8719ae7649cff00038a2e69989ffe829bc7c0239a5ed25c5f15e31aade51fed9fa755f18cf395c8b43b3bd7d4c89431bdfdb60ca4419109bf518c0640fbeea2447457567199eaf2ec0961cbbb47614f5e74b75bbbaa8c29e8c583d487f39a5872d7153d34b0e5a01d2cd233e912b6289f42a8f3785f225448bae4e87500a4e748d7ce83a236c6967621722e2336d10bf228fb506c0d31b616f44efb635a315927348df644285cab88c8510bf2051b9504710764b1d2928adfdca09cd47fc7430fea353c794a86275be11ed6877b64982ac4928ff8ca08dce69f42b64cba215105e7b5a1191f64e17b4eeb89e4f95b04ec8a82e9c36a23f5028c325bf686f646686417146e6fcd3c31e66fa50e13051ecf68bd38113f6b50a26cb883388d14b0d5880fad3159beba5d446c9cc0ef94e86459dd3a66207527250f89fdae41c1d919d0f1271e8c34c74534dbc0a22c395e32c1abe73e8ab3a19b8a619b5aa3663a49c03abda987ca28b9448754fb60b84ded405c146daced64611d08c29e08b06d0a2e5be0cd42e5a764f865a7db01a27142f4518dfad9f489e14139d8203827b4b4db803cce77f49ef0df946fa45bdbb161735973438220836a1093028dcdda0dced45ba28f43698f2d44d6bfb45af06cf122e0ef4ed90f77aa114d31056614dc8fa8c0961cba9cb430e45a2e5e1b7d1448755433e514bc558a7de8656793e8889638d41d06d4eda4dad42e4a08ac142ba629e2872b938ffaa0b2ab07aa7303be53985a7145838670b6d09d10b26cb04982923cd3a631ad36c9439cfe10330288bb7ba78aa40b0700512c11d076b431b6b309b33ed6e28bd0197ba19512135179ce80f4f9e845e535b545a7baa84fbd8a18f37c206f34c4e73d37ffc4003e1100010302040404040501060701010000010203110004122131410513205110226171303281a114234291b1603334405062c1152443525372f1e1f0ffda0008010201013f01f1b3b00005b9a9d076a5b685a70a848abcb42c1c49cd07edf058656fac2523ff0094cda32ca46527726aeac10e02a40850fbd2814982208eb4214a2129124d238598f32e0f615736ae3073120eff0002d6d94faffd3b9a69a4329c2911fef57566dbc0c085edeb4b4a90a293a8cbe0a5254a000926adac1b6802a18947ed4fd932e8300255b114eb4b69652a19fc069b53ab0948ccd3160c213e61895dcd5d70f4a8153421436ef444133af5d958e5cc707b0a81111976abdb1c32e3632dc76f8369685f3244206beb4869b6d38529caaf2c0195b620f6d8d67d5f4a69a5babc29127f8a62d5b613a49dcd5c5ab6fa4e50ad8d3ad29a594a8663a38730971d2a57e9dbd690ea16a5253aa723e056d3c5c6f58d69e472dd526660d6fd6ca5ab460623aea7d6b6f7a71c4369c4a302b88b20a39c9f49f5eace6aced39280a3f31d7d3c1c6d2e24a543235736e587309d36ea1b7ae548e5dab29d632196e4d6d4eba96938882738cab89b48e5a5dd0ff33f0787b296dae72b53bf6148505a410641a30019c855d36ddcb1cc49d0120fb7c0b46916cce259826093ef5b529494892600deb88b09c21e4fd7d67aac1a4baf8c59c67141d1cc2dc1903e95957353cc2dc1d35daaf1a0d3ea4a74d7f7eb6918dc4a7b9ac4db05b6fbe43dfc1c75b6cb6147e6c85712612db8149cb17f3d76884316c5c3b892690a0a48527422696a0805474199abc436fdb0706d983dfc5231280ef9532cb6d2c86fe648850ef449c0ac22151fbd59aae4dcf9a7d66a733853f5aba61ae538a49f3a4f989dfaecd86961c5ba7ca32fad0c9b095091deb88baea0b780903d2ad94a5db82f09f7de9f4a1c4a799e544fee6ae5ae4bca4edb7b74dab2ea8871224248a520b8a6d497200dbbd3f7edb2e61c33de2940ba1b525c81afb8abf69c7e020484c9adfa6c9a6796e38e0913114894a46529efbd711e7a8b7864a7d3bd5b958613ccf9bb53c107097065a003b9aba6c34fad234dbaed190f3b0af94666994a10dc27ccd9d2af1c536c0e508f6d85583ae38dab99981a134e00a68a47951b9f4abc610d2925b32850cbaad2dc3bcc2b3094ff00340279610e79808cfbd7107dc643694653bd5baf9f6df9c35fbd3eda5c404fcad8ab964b2ea93b6dedd2cb4d20b6948fcc08c53b115399ca0ec6929bafc56f38fe95267ca27f8a7d86961d1fac0c53d768c33ca4a973894b849ec45662310fad5f2ee7f11e5263f4c5249c09c425714f34db8b1cdd482123b52d385653d8c74d932871c515fca9124534025b1806246ded5c414e7251cb98de2ac0b9c93cc989ca69d014df9c420667d6bfe1ad2fcc9900f86734c3a1e64293ac67ef56cbb92fab99f2899276a6df2b514f3507b00209ab472eb9e42c1c39cfa5713742521a4ef99ebe1ce84b85b57caafe6afde7994a797a1d4d7356186ca8224ea15955d3cf21b6d4dc19d48cc0a69456c254e8f5334fb9cc754af5cbdba6c256c25295414af31de9fb9619702743e9eb570cdb38e052d65248d3bd3b72cb25085481965d85103f2d495424667d453a7138a57727a7873d81c293a2bf9abffc4c279531bc529f2d36de274257b8226ae54f290da9a562ee477a42cb76e14eea049f7a7565c714aee6a0f6349b67d5a347f6a4f0dba57e903dcd2784af2c4e00378a570c63042490aef4e34b6d4428455a3bca7d24e8723f5ab95a99b725a1ed1b0ab779d5b0b5a809ff005640d38eb81852d20483904e82ac9c71e64f307a7b8abf7029d094fca8103ab87ad1cc536bf957dfb8abdb85b084e048cf2f6a0e15309529b06763b55cbee32d3652919fec299507edc29c033ce3daae9ce6bea50d341ec3a6c1e0e3213fa9223e9405dfe2ce29c127da285d239b87f1230cf6a48bbfc5ef827e915c45e086b0039abf8ebe18f082dab5198abc72e92f0089c3fcd38fe0294f350349076ab972e52ea7959a60411bd3ce0698c6af980fbd124927bf4d9bbca7c4e87235785d4b0395f6ed4d3ae26df138a0954feade9d75c53189b5052a7f4ed5665c531f9bebaf6a7788af98ac1f2ede2c5c38c2a527e9b55c5e3af883007615a4523893e9444027b9a5ad4b51528c93d60907d693c4dc0dc29209d8d38e2dc54a8c9a62e9c60e598dc1d2ae2f96f8c3f2a7aad6e0b0e4fe93ad5c1b177f34afe837a5dfba54308000d044d21cb6ba20bde558fd8d5ede230169bce7227d3ad3c42e128c323df7a5124c9324ef4cbee30a947d7b1a7eedd7fe6d3b0d29b38560c4c1063bd230610522011d2a4a1621402bdeafac9084171b1ee298e20b6d3854310da9fb871e5798e5b0da99796d28293f51de9de24b5378529c3ebd60904418349e25f9785c6f11fb1a79e5bca951fa6c298ba5b591f327b1ab9e205c461427083d4db8a695892608a7af1f753854607a6fe0d5f3ed270832369da96b5b8495193d695149052608a3c49f288d0f7a924e79d3178eb1a663b1a7ee5d7ccab4edb75b37ef348c3f301a4d3aeade5152ccd34ead958524c1a7afdd75387e51e9fe4b9d36cb8e184a49a6b851c8baa81d86b4d5ab0cfcade7df53e37378db03bafb57fc5cff00e2fbd3176cbe601215d8f8292140a4e86aeed14c2a46683a1edfd1d6cc17dcc18a3299a66d508682169418de35a5f0fb557e98f6348e1d6c93fd993ee68336e8fd0814a7d86c66e003d295c55b0af2a091de98b86df4ca4e9a8dc512002a27219cfa53dc515986840ee75a528a8924c93bf870a68605b9be9ec3c5494a814a8483579665838939a0fdbfa352a292083046f49e25749dc1f715ff0013bb8dbf6a5dddcaf574c5635773fbf8f0fb45370e2cc12321e95c4ae24f281c86befd0d3ee32650a8ff007ab4bf0f1c0bc95b763e24050208c8eb57b65c938919a0fdbfcda0f6ff0018d901c41568089ab9bf690df90ca88ca36acc9f5a092af94134ddbbce98436691c25c8f33807b67570c961c2839fad24949046a298783cca17fbfbf89008208c8d5ed9964e246683f6ea4a16af9524fb52786dda84e08f734e58dcb4336e47719ff0080c0b89c263bfc38f4ff000367601202dd12a3a0ed4a69b527094c8f6abbb42c1c49cd07edf058616faf08fa9ed4d5ab2d000264f739d5d5825c0548c95e9a1a20a4904411d68429c504a449348e15e5953907d36ab8b571839e69eff02d6d4beaec9dcd36d21b4c25200acbc38a7f6e3d103c3853be6535b1cc7429214082241daaf6d0b0a91f21d3d290852d4129124d5b58b6d01884ab7276a7ac5b787cb07b8a6385b0dfcfe63f6a4a109f9440f6acfc2fb87870171b10adc77a2224110478b4d2de584a466699b165b19a712b726aeb87a143134215db634410483a8cbaecac44071c124e82a04618cbdaaf6c8225c6fe5dc7c0daaced0be6559207de90d3684e14a4455e582540adb1046a36359cfc6e1aca56e151fd3a7bd36ea1654133293067c3134f971a898d69d4607149ec63ac6b4ca5ab461326277ee4d6def4e3896c4a8c0ae24c2708793aefebd435d24d59da861009cd673f6aca9c6d2e20a54323572c161c29db6eab7b771f56148f73d8532d21a404a7ff00bd17ebc574e7a40fdbc187396eb6aec686601d8e9d0e212e20a54241ab5b30c629cd44ebe94119d40eae2163cc05c40f30d4771e1bd5b34ddb320a8e6624fbd6514b5a50992605711b74c7393f5f5eae1ed25c7fcda0131de83a0b85b88204ced59573017397074d76abc6c36fad29d35f6eb651cc7129ee6b1b6c96db1be43e9e0b752852419f3642b88b29438149fd5b7afc542712827b98a65a69b7086f54e4aa51381cc221515646e7f11e626379d2a4c1c23d26ae986794a527e641f37acd67d3bd59b0d292b71d3e5197ef4230252a1880deb893aea4a70184fa77ab752956e9e68cff009a7d285c7372476ee6ae5ae53ca4ce434f6e9b561c243c06493fbd2905c52541c22361bd3fc410cbb830cf7f4a239a1a5a5c29033f7abe65c7cf90648049acfa2dadd770bc2321b9ec29a69b693853a7ff00daf4ab875b28924ae4fad1e156f19296297c254270ba0fbd5aa5c43084b8331977cba46bf036ae256bcb587123caad7d0d5a5ba5dc4a5aa123f9a013cb0970481fb1abf7dd67969418077ab7597ed81744cfde9f6d2ea00579502ae1ae4ba53d1f5a65a6925b4a442c099d8cd49ed9ec69b6eebf15bfcd99daa4ce407bd3ed34a4bc9838c0c455b75dab0cf29b528f9d67cbe953ff0070fad5e9b9fc4e44c65862813813884ae33f434f34db8b1cdf994213e914a18544763f1262299743cc85a758cfdead95725d5737248dcec69b7f984a79a83e8329ab255d97958e70fae95c4de101b4eba9ebe1ce84b85b568afe6afdd7db08e58c8eb02b9ab4b2d951402750aaba79f4a1b5379cea4674da8f212a7867127e94fb85c714befa74d879d8480a230af38de9fba61970273c5dc53ecdaadc0b5982469de9cba65a2942a63b76a58f9558a1290491dc538ac4e295dc9f16d056b091a93156ec2586c206bb9ee7aa0d41adfac1cbe03cd075b520ee2ace10fb8c3835cb3ee2af9f7184a700c8efda838a530da94d833a83955d3ee34db65207f20534a0f5ba14e8d733f4ab9779af295b6dedd360f071909fd49a4a6ebf144a89c139f68a174d9770fe23cb3a45369bbfc57fa3ed15c49f096f960f995afa0ebe18f082dab5198abb55d73c06e4a4c476a71fc0a09e6a069339c55c2ae43a9e512526223434fba1a64a95918cbde8924cf7f8ac5c38c1941f71b53f76ebe33c8761a56723bd2788be96f0e44f73ad29454492649eb048349e24e86e2013de9c5a9c389464d3174e307cb98ec74ab9bd71f18630a7b755a5c961c9fd275a7cd8b90f1566361bd397ef29720800682290edadc9497bcab1fb1abdbd41416db3ee7d3a385b1929d23d0758d3c0d624cebd435f83c559295079391de93c4bc90b6f11a75e5bca951fa6c298ba5b463e64f63573c416ea70a4611bf536e2db389260d3d78fbc30a8e5d878357afb69c2152369da96b52cca8c93d61452410608a5f117ca30e93a9deb3a62f1d6320653d8d3f70ebe6547d87f95dba705bb63d3f9ae6e790a438154e9cc0da9a57988dba2695384d09ed9d0d0750267e05c341e6569ee3ef44104f71fd0564c25d592a1212263bd3bfd9a7b50245353cc14e20a87ad36d949cfc54acbb0ae71d852178c7ad40ed9f5ef5b7c0bf6f9774e46873fdffa0ac1c095a924c62191f5a031220d16974db787dfc609a2229e9c359d3139f4e7584d61359d274f81c611e66d7de47edfd05c398e63b88fca8fe6b7e8009a1e828c1a232ae4a6800074019d409f1814224fc0e2a89b69ec7fc958b675f3e5196e76a7786bc84ca4857b56ff0009ae1efb82721ef4eb0eb2a8588f5f8307e9d7c3db09b64f75667a020d1d2a0f7a8f5ac228a0f40068456e3a373f02f84da3bedd79d32c38faa123dcec295c2958652e49a5a14da8a54208f82941510120926870b770ce300f6a71a71a514a841f829b57c81f967aadd853ee04ec3534db696d012910056d57f69887310331afc1b0b3d1d707b0ada9d690f230a87ff94fb2a61c2857d0fa75d9d917bccbc93fcd06db4880911ed57b6220b8d8f71d5c3ae02dbe59f993a7a8a49f2d40acbb789358cd633499a2056f435a83e1b8e80b1cd52771feff0001c189b527b8229f694caca55f4f6ea6192f38123ff94cb496501291e1796a1f4c8f9869444182208d7ac02a3035ab3b50c264e6b3a9ede1736e97d184ebb1de9c6d4daca54331d7616788871632d875f0f416838950851cc7a8a495b49714eaa779ec298bb69f514a66477de91cc4870b8646de829f69c419526028923ad96d4a508120413ed4be610df2c80379ed4f5cb2c9014a89ed4b2e2d292c91eb3dab8920ad2d84a65433cbb755b361d7909d8eb58db42db677232ed1e05d425c4a0eaad2b8830197bcba2b38edd285a90a0a0608d2ac9ffc43414441191f7acba30126b00acbc0a8cf82467e235e85bd878a477107e01d2b89a7121bca5527f6eae1edb8cabcc202c64692149538a5392939c76a678836e398331d8d250a4ad4a2e4a4eddaaeda73129dc30951ebb242838db983ca0c4d10e7341c5e41b7ad2af5843bcb9cfbed44385c6ca5508ce46e6b88b6a71cc491212333d4db4e3aac28124674398bb74f2ce1540fa5266067d36e425f6cab49a00c28b8a11a83d857359b84388c5298cfb8ab6b6430a2be60518fd8534eb4f130ac477ae212960070ca8acc7a0ebe1f8b9079718b1f9a7b538e36c94cb98676daaead05c2c292e01dc1a0b6d8425be6401b9de885794a233d49dc55c61e7b98749cba6d58652db467f315983409912983de9f55d7e2a013ae406915272f2e71fb53cc36e28e3f9d40c76115bfb74f0b713c881f3099af31a13da8683a4891580f8234f03a50dfa2edc3f8e52bb1fe29271242bb89f80b0a494e14e224e73b0abac3cf730e93d093047bd20151c58a504081da9172c2d6a6d398cc45336d6c87b18727b27b53772cbce14ccabed57b2861dc4a9063088d2b6eab49532ce12308042877345f65b7023179bb1a72c9953c57cd81398de8bed0586cb907614e4a6731cb00cf7268ebd3c3a48792930b81069d5b6d24296ac24ee3bd25f052343d56d72dbed7296615119ef5f936525271ace51b014d5e8f3254d80956b84455bb56d6e0b9cd9047daaeee0bee62d8643aecee390e67f29c8d5d5bb6fe1739c008a76edbf2252de209ca4ef44357d87cd8149ca3d2ae2e116ec8424caa2077acfa786bc14de027cc9d3bc53eabbfc540070edda296f80e04f391fee29d5dd0ba011f2923d8d5dbc1a649cb11c8567d3c193fdafd3c0f5ed50668081e075a1a789d29e389d715b926ac578ed5b3e91fb75ed574fa186d59f98e9ef44924f73d36378809e5b87d8d2cdada385683896741b0a45fb895cc033ae556e9b2492f0733d60ed57b75cf5e5f28d3aec2e832ac2b3e556fd8d3ecdb05f3d4e7ac0dcd2efc97317291f519d25bb7ba739bcc83ba7daafeec14f29067b91d4c3a59702c6d4f0b7bc6c2b99863ed49bcb5680404938729f839fc1931ae5e19d4927a90e29b50524c114e7117d69c3a7a8f066f5d6410331eb4f3ee3ca951fa6c3ab830fcb70fafc20227c32f01a78beac0c3aaec0d6e6b842a58527b1f81724a9f7339ccff0082cffcc383ff007757bf54d4741a81e1b78f125e1b457ae5e1c1d7e7753dc4f5a8c24fb52ccad5ee7fa0b843c0294d9df31efe3954d675b74efe1cd4f3437fab5f6e8e32b3ca6d3dcff1e1c24ffccfb83d774bc2c3a7d0ff0041a16a6d61432233ab57d2fb415fbfbf84759d3c2f2fd0c0c28cd67ed5c28a9c75d5a8ce9d1c657e7693d84f870bfef68f63d7c51786d48ffb8c7f42595d9b6701d5275148505a42819074f80babde221b96db3e6dcf6a24a8eb27bd70941e4b8af514140f8f135e2bb57a40f0e163fe687a03d7c6179b68f49ff26b5b02f4297927ee69ce18c949c120f73a53ad29a5e150f8284296a09489269ae168c3f98a93e9b55d58a991892653f715bfc04d95c2938b979514a9261420fafc0e1772e257cb8941fb7c0e2cfa9b42529305520fb5673eb56bc384053daeb8698100c081e94a68139542c54aa29f5e279d57727c3847f783edd771641f78ad4a81a002ae6c9c633d53dfb7c0b4b22f7995923f9a570fb6298c307bef5736cb617074d8f7f82c5bb8fae123dcf6a1c318c39c93deaeacd6c1919a3bfc7b2b6e7b92a1e54eb4236d076f0bab643edffa869441048edd7bd59da8650146319f030419abdb5e4ae53f21fb75d8d984c38b19ec0f85ddaa5f493a2c686949292524411d401240dce556cc22ddb1ff0071d7d4d0561a906b21a9814975b54e120c76acfc36ae34d2a1a736d2ac1a0e5c264649ccf8343cbe2e1f25710b509fcd40cbf50f0e1025e59f4ea3a781014208906af2d4b0bcbe53a7559dbf3dd83a0ccd2397f2a76dbb783adb6f24b6a827f8a75b2db8a49d475b6d9716123534c3286101035dfb93e0b0950c2a883b1aba60b0e94eda8eb470e75690aefd484952801a9d2ad9936d292a949cfd8d4376ed38b4e63589ab4be5bcee052067988a4a1b679987352b38d73abbb55b7f9920c9cfd0f5dadb38eca93fa7ee69484bc132482083977abbbd2c381094c9f5af25cb2dab3035d77abb65570021272d66969295149d474daa4179bc43cb233da6897398901230ee7b5179a4ac24a80276a529ce636129052753dab89a473410338f376eab4b42e82e6288397a91452db9cbc63cc33cfbd5e5e38cba1091a679ef4db9cc692b5489ceae5ae7c0c5840d3d4d58a509b7424b7989922b088252640fdfc100018d59f6f7ae3525849277d36ae129f2babde40f06fe51e37231b651318bb6b4ea0963928324e527b53cd29970a555c1864e9f6e9c429e0549c20c695757a9b7504c4923f6acae594a92a29d0d5e36a7921b4664664fb52814a883a8e8ce7dead6dcdb90a99240c43b500da4b8b48cceb4c5fbab7c2540149311dab036970aa3cc758d6aeed4c38eccaa648ec3aeced5c843d3be43b8ac0dadc0b9f30a7b88ad0f9484e40c1ef450da8b6e1c88d2af2d96f92a9f94643bf55b5b17d4738037a43ae2121241cba9a5f2dc4abb1a1cb6d0a7066159d5b5d73cb89e5ed31de9a0d37cc536d14c0ce6aceec3ca29e5c1d66b88e16db0da67cc7119ebe1f0e36a6e48208222aeee90c2920a249cfb453a9b77436a701cc6440d69eb9431cb1cb31190d205421d6db5c903e6cb2a7d78de70ec4f4da01c869296e42a711ec6b1e050cfe9bd3d60eb8f95248c24eb3a5621e54628f53a9a5a7323972920e234753d0012600ceacad9de4c3ad900194d3ad3e630a446f34eb18b0e3b70af59ab9b85b053f9523ec28f2d6da5c50d3cded5644a984aa759343f57aa2b6aff00a69f735c607fcafb2c570d8fc2fbacd3680a066b203c7883e194827f6a6948b963cb299cbd6b882c178247e9115c1c791df71d074f0b8584378c8240edb53e8b77c36b709048c88dc52de66d90da60e1232037f5ac9d6d2a42b08d7dc55d282df708d27a0488f4ce98285a03c066a027e94d5ea9db828c31ac7d29013cc386df0abbd317856f96f97949f7caafca1a695b29cd7aecb0bad367f5232ca9ebe087f97cbd37de9c6dae68c4c92bcb31a1a76f796f8416e632a7b024178fe90633ef449249efd3c3ca4971a568aa4f940107aed2f8369e5b8253b53d76da245ba30ceaa8834ddd3adaa71123704c8a6ef6d5b41296e147b53cea9e5951d7f8eb65e532e05a7514e5d593c80a711e61b53978f2f4385234029bba69d84dc898d155757c8e5f2d9d34274eae1d7210796a300e86ae6d14a7f9bcc848832768a72f192e68b23d0c034a63f14f079a7061cb2dc455fdc06dbe5a4ca8e5ec3a37ae1f64865b0a50959fb7a78ac050a10a4904674eb21c4142a40f4caad901b652999032a4fce3d88a1a0afd03ff007ae22d972d5494893b55832f328585a604e59cd35a1e8e21708fc4729d4ca081ee0d2ef5865b096333b7a5124933a9ae103f215ea7f8e95e94b48536a49d08a76f5c909479529c80a4becdcc26e3223423b55cde34db7ca67b448d0755addaadc9ca5276a7ef919f25bc24eaa8ce92eb895620a334d71069209535e7ee06b4fbea7d7895f41dbaedee14c2e763a8a76f2d4c2d2dcb9b48d29570fa9788b867de299bb64905e4cac68aabcbce7f9539247dfa92a295050c88a4f1430251fe354eb8a105448f0438b41f2a88a24a8c9327a2c1ae65d363619fed5940e85ca5534e0ca69a399a1f3a7deb73f5a1fd99f714bf9690323ed4d687a388ab15e3a7d7c78588b51ea4f49d7c2f2d96cac9fd2a320ff417054fe7a8f61d2a850a6f34c523cabafd43dc51d4fb9a468a1f5ada9192cd7cae78ed572ac570e9ee4f8f0dfee8dfd7a0e9e2a4a56929509076ab9e1eb44a9bcd3db71fd03c13feafd3a739af95c3d8d29398343e74d6e7dcd20c2c5684d1fed053bde81c8783e70b2e1ec09a3a9f1b0116ad7b78c8a24474bf62cbd2630abb8ab8b475839894ec76ff003fe0ea82e8f6adba5c1faa866050f9bd81a1a781d47a8fbf8284834d1ca3b787137305a2bd72e8b3feead7b789d7c49024ed5f8bb6ff00ca2bf196ff00f9452ef584010e4d36597dbd9493ad3bc32dccc029f6a7f87bcd6691893dc6bfe359b679f3e519773a53d62fb4311123d3e16f49b0b9526704769d6948520c28107e06559c7c14a4a880049ed5c3ad1c6944abf50d3b7bd3660e13d3028794c50d1c3e91e234f6fe3c620cf871b7336dbfa9f1daad045bb5ff00a0f1293e3c46ec47290646e7c32f0b6b97185ca4e5dbbd32f21f6c2927ff00c34441ab9b269f120615f7d8fbd3ad2d9594ac67f050852d5852249da8f0eb8c3394f6a20a4c110477f82df0f7dc4ce43de9e65d64c2c474da5b17dcff0048d4d210940c2910056447a55f59f2ff00313f21dbb7c0ceac6c82407163cc741dbc2ead92fa3b28686968521452a198ebb3b1e642d7f2ec3bd72188c3cb11ed5796659f327347f1d60127d6aced03290a50f39fb50d4514057bd0252615fbd65d3906d437fe7c056f580e5198a9f01a1f4ae20f73ae9c3b0c87d3a2dbfbbb5ffa0acfe9e1345229d381b709ec7ab86add4be023e5dfb52882077f0e22ca9d6c292334ff001f01092a5048124d5adb25847751d4f85e5a0793893f38fbd1104cebd76167a38e0f61e0eb4879b29553ec2d870a55f43dfc4092235ab10536e52042c4cfbd070b4ce278891ac536fa1e4928551c5f87573a09cf4a521483e611d76a9fce4152650089ed4b2f7313840c3b9a5dcb085e153906965dc6de100a4eb5c4d32e8c233033eab2643cf0074199a0e378f960f99234f4f02b6d4b2d1326331e9574cf25e5276dbebd566dab98db853e4989a21de60850c3b8ef4bbd65b730139efda919a4787ca7d3a0a82454955035bf862f204ee2804ad20efde86f57eff21851dc88159e7e2cdbb8faa103dcec29a6ca10da7b003c7203c3889ff9477e9d5c3db5361495261473f71482a6d0a2eaa409cfd298bc69f252999f5a18c073191034f6a7da5a0e22980a923af8724a5e0a527220c1f5a1cce62a6306dde685db05cc18b3a1cde6ed8232ef357c825e5a929f2cc4faf534852940e124022697cc21be59007fb53d74cb24051827ff00e9a595ad292d119ea7d2b88a4ac3694a65433fa541f0b0c3f894cfac7bd0908c4f1c2adc8a7705db2521c1ae476ab5605a070a96093fb0a416dd1892ac5fc4d711986b1c63ce63aecc7e4341290526714d1586c84f33e84d3d60a71e2a4a861273f4ae62414a399197d4d28107405041c44eb4a8931a4f4dbdbb6d14e157e64491dc50893e5857de917175f8a199d608da2b2c5f2caa35ab9b66d61d563fcd1e63e83aad254c3587e5cf10a5bed36e0462f376a72c9b53d8f9a0099237a6bfb34fede3a18db6f05ab08f5a00a8cf819adc786f4d9fcb57a50d2b8c7f76faf8d9f0f5bfe65648fb9a6da43490948802b6adab2adfc1f829c244834b80b5468098e8b6290fb78b491401f317088991e82b9acbedb880a91df7156d6cdb0b2be6e23194534f32f4e15491b571090c42c82a2bcbd056fd4d82a09d397804779ae6b788a3993e9b8a45804bc17cd18419f5a0eb6b730f333ed57321a771472e32ef3d5613c83cb8c58fcd3da9c5b6cc4b98674074ab9b4fc4398c38012330682da61b4b7cd81a4f7a217e5288327327b55c60e7b9037f04a8a5415b8d2838dde5b94e2851d6b1b566853721c52b5ec29bb969c6d4cac60c5fa8679d30d3768d294a7019ce6ae5e2f3a55b6dedd7c3ee4364b6ad0e9ef5756814f73b9a027227e94ede345c0794481eb134594ddb81d43800ca46e22afae52db65b49951cbdbaac9c4bad030318c8f7ca83f72abac247967b68283879a532dfbce7487eebf17823cb3db6ae20e25b68c7ccbcbd63aac2e8344a547ca7ed4fb16fcce729dcb58ef4bbfc4e05f251977d4d59bdce602a35f1398a98d6b35aab6f123c47f667d4f871a7726dbf59a009200124d5970d8871efa2687945655bf8667c788bc5963d4e43aad6e9b7dae5b861511ef52c5962c2bc6b3b6c29abd19a56d8c2ad48c88ab66adedc1739b20ef57771cf7276190ebe1f7430f29674d2696c376ef1794ee53206e6937c90ee2e488fbd316cda9e0fa5d94ccc76f7ae21741c86d0640d7d4f559dcf21dff49d6aead9b7e1ce68007f14ede379252d8504e409de886afb01c581404455cbe8b66796932a88153e2091a78c9ee63dfe0971644622476f04a9493e5511f6a249399ea61f71856249fa77a7b882dc18529c20eb5fcd33c45c4260a711d8d3af2de59528e67edf07832896149ec7a080450184c6fd5b54440ec27f7a75e6da41528c0fe69d5b9797270a66741e9567608606239aff008f6adaa7c32e9e307c8d0ee4ff0082249dc9f7f098dc8f8188f731da7c33f6a3fe4dc157f98e23b8e922681fdfa77f4dea42a4fad71261cb85b4da7dc9d80ab7b46984c019ee7bf438b4b692a51802adafb9f74531088cba78cffd21effd0bc31786edbf5cba88c95dc7f143a73adfd7a1e79b61254a31e9deaeaedcb8567a0d055b39cb7db57a8a9903a38cff0068d7b1fe85b5561b868ffac50583d22311ec44541fad6dd46b2ab9b96edd054a3ec3bd5c5c2df59528fb0ede364e876ddb33e87e9d1c63fb46bd8ff9536cb8e9f2249a5b6e367cc923fc1b568fbd9a53977d29eb77593e64e5df6ea41f3a7dc56703d6b12bbd075535b781fe29718a76227ebe1b755dddb6c273f9b614e2dfb970932a3d86714a4a927cc083ebe3c25e85a9bd8e63a38c8cda3ef401262249a1c3ee70cc0f6de948520e15083f09bb47dc1294e5fb52db5b661420fc169975d3e44cff0014edb3cd7cc981d212482634ac2a13969afa7c3b4b5370bec81a9a421081852200a75a43a829509ff6ab8b7530e149d363dfad9656f2f0a47b9ed4d58308198c47bd5df0f0918dafa8f816369ce38943c83ef40048034f6a710971252aabab62c39fe93a1e91b531e661bf615cb4d38de1148390f1d5bf507c1480903fee3d37b7e960614995ff0014d36eddbb999ee7b0a6996da484a447fbd3cc36f20a5433d8ef4fb0a65c2957d0f7f069c2db8950d8d36b0e212a1a113e3c6124a1a3ea47ef5656819485284a8fdbc2eed52fa2745ec6940a490751f02c6cf1fe62c79761deb2cb6a7d843e820ebb1ed4eb4a69652ac88fbf5db5b29f7236dcf6a6db4369848814521433cc7ad5e5a961723e43f6e8b49e60eda1fad3a82093b2890afdbc6f1294bee611e5ff007ebce99fcab44f2d388c69deb9802029709ef34b59e59523cdda37abd0176b894214223dfa8024d30d376cda4480a3a93b9f0529091e63969dab885b06cf313a2b51ebd4949518027db5a4624db279204c52de43491cc205170adac4c904eddaaf462b500895e50077a220991046dd3679dab5ec3c089069b9cc78a3e623622909cf3d13525467bff14523c2477157bc4e25b6733b9a249264e7eb56f0cda05a5339498d49a0b05015a48df28a5af0b654062ed19d5e00eda6352608cc77f1e14fca4b24e6331e37013f944ecbafcde6ed83ef346e980bc1ccf376a3cde6a600c119f79ae228978a929d0798faf5a002a1ac6f4b2b4a5ae5a647f029c79b6e313804d38b7004f2c054ff0015c510086f2957a76eace7d6ac861b5f20f36e0f7a0e10de2761277149752e265042a3f9a72576aae7260c66077a20a751e2cb9cb5856db8a787954a06264900edb5456757291c9792a6e129191ee7af87812eaa31280c877a4829488f2fa1daaf9971f42706db55a36b619851cce71da9c9c18a31c6600abf4a52fe5948048e9b4b40ea14b52f0ec3de8842c27983311ed357d76eb4e04a321afbd20a5e61b5389ec6ae1a0fe10a56148d3b934e20b6e293d8f4f0e9fcec20172329a30da64a827f89abb60dc86ca4891b6c6984fe159c25626733b0a3384291e63b1357f1f8831ac09f7e8420ad61235262994606928ec078910a9f1e610e0f434fa8247a9a4991e0eed5c5d650db680609d7c2c1082b714a13844c77a6c4206110939c1ca26afd0e3ada797b6a2ac50e36cfe67d053a2512a12067037357e8425e053962131dbc1874b2e858dbf8a6dc0e20286847838014e95cc425cc3cc93db7a5f0f2a7f107061267d6b988c411cc8eddcd38080ac872f0193bcd653d561fd81294e2513047a51fcb03cc23b1abcb471f702dbcc44193a537f92d36d97002352694140a484e227227b0ab8090fb98749e9e1e125f122480481eb499c38c8c0adc6d572d9b9670a54241fa1ab36176c95e3224ed59ad33215b81b5711d5a2400b2331d0d73143104029280933bc55c8873233903a4457d2b895c8543493206a7aed5fe4bc15b687daaedb5dcb4394779f7ae6a6dd94b6b70958ffb4e829445db010d2bcd32428e66999b6b7fcc3a4eb4f385c714a3bf4f0e52172d2c4e78855f5d38c94a529c8d288521b2a682a46539106aeae9c639709198fa0a942db4b8b4e9e6f6a7565c714aee7a6d9e2c3815b6f572c8bb69250ad33a5becb4d8644ac8dc188a96ef1b4b6938143383bd028b3b7852a48fe696b2b5956e7a3845a924bcadb24f5ba33a2a2b23f6a032f08122b8cabf3d23b0f0b47b92f255b686af12ebac8e51d7b6e2839c86025c7087368ccc52d65f62197095ce7b18ab5e634c7e69d3ec2ae1d2f3aa56db7b78f0bbac2792a391d3c0e94fdaa52f73d4ec2667d72a55eb45ec5cacbde85b26e1e0f25dc89048dc5710b9011ca4993bc75d85c065c851f2aaaf2d56fa92a4b800fb53b74c8c08f3a8a44120c4c52db17b80b2a881041da9e785b301332a881de89264f7e969c2db8950d41a722f2da10accff00b502dda34a4387128e7093a525d69f68b5252a3a15199ab568dab2ae62844cfa0aba7b9cf156da0f6e8b67da430028e79e5570a42836a4fb7ae559fc145c3c8109708153bef492419060d3970ebbf3ac9ea42d4da8286a28f124291e66a57b538f38e2b128d317b806170634ed3b55cdf1786040c29eb4b8a1a2c8f013b18a52cabe6513d1676ff8878276d4fb521096d0120643a96a814bcd14d8ce81ccf8f18fef43dbc5abb7da494a5595294a52a5464f7a42d4854a4c1ef4edd3ef0852b2e80a2920ee2acae7f10d027e64e47c2f25370e26490098f00b29d144567dfe0735dc25388e1ed3e014a419060fa5296a5995193d69756898591ed53befe0a756a10a5923b7c0ffc4003a10000102020607060406030101000000000100021121031012203151416061718191b12230326272a11350528233404292c1d123e1f0f180ffda0008010100063f02ff00e3f9d2379af14782ecd1bb8c94c0864a2d31d5722309221d3238acae18388dcac3f81d548b9c02ff001b63b4aed3f868af26e6bf14f2512011b2a0462179b48d4eb508cd1702f1c57e203bd78ff6afc47fba951bb8ff00b53a400f350770280118943e2124e5a2b6334635820c08503e3eba9b02bc2471581e6a5462e7c36e11995f10e9c2e41cd8ab4d9b7a5710acbbc7d7549c06305db6c1a31db5f69d05d9613ec83854e6e58553510acbbc63def44982f1f20a01f3db2d4b89300a145fb944e28afb8d4d7e523c54455251060429f8c635f68cf25d9ec8f751263bebb2f3d9cf2d498bb86d5dac340b8ce7cea73730a6a3582310ad39d0392833b23def8a3778746cd478e9d015a719ddfd3fb560de4429b39144b74cea8571ee7e1bb16f4d452e38045c786cee2281ae15c3b86b86841c3023510518de6fcab8d995cf1540f72ea2e23512936ba1c94bd966a2700a2db934328a22037a245e8e9ee18fc8ea18b38953c948ae2b6292922a2d6ee0b132c9409915a6e60b0aa3788ae8f64b96a1023f4952ff00a2b4ad95c00894d04e88ae1536f7879af072503dcd2376c750a03175c89529018950a364b33a541ed2dc8e2a7c168518dd9e55cc029e07710cdba84764946ccb3afb521eeac51c02ed3cf0581e68881828b7b43def338dc7f7145bf50be20c0e3bd38f995bb00cf4e0a4215ff2bb239af082ad38cce8c912fd1a51861b54d0ed41ca044d0dc6e5bfa9c7dbb861c9c350883822d24968ed00a72ae0ad52180d0d19293071aa254bc230a999099506889e8a70b434a79d97290e4f279772350ad59916c0295a82b348cece699baed9b5044c04054f76d82dba53f688734f3b6e019c7dd1194bb867a46a131a70813d2a813c11195e23341a31400a9ace25379d6e3904c1900a937c79f7143e86f4d42fb2a072ee1d993517145c74a60f28ae19902a61cdbd3b8a31e51a847d02f41823d144989b96462ea80ccdca21b63caaa33b6fc350d8ff00b4f1ae660bb2d27d82ed9e030bc4d4c7fe9b7cee6e675ffcabee17e8c7986a1907028b4e23dc29a8d917dc6ab4e933aaa168dbed7294ee153b78bf1c86a24bc4305d6f4aa68da83e944b436a6431688a00c8d71cdc4d4778bf48edb0d45b6dc74ed5117e247840871aa14787d49e54948bbaa337744c193455f70becdb3e7a8d6998e9db54228764cf3929986eaa253e58cc7047332bac19b856cf55e6b7330400d1a8fda683bc2900152444678c578a3bf1aa2738008fa5518de6ae35b36026ba1fbaee0a3f488ea2ca2772fc27fb29da1c1765e0d54bea4ef41abef29bb8afb4231b94872005747b8d42e16fd7fc6a279340b964e3a178f819a73b4928714cdc8faff84c2704c2c3bd3b7dc79cdd5b7d374269c88d4376d973bb1568221337a09fb1ed453866111719c4f3acfa45d8d50fd431d42a31e6ba42214133d411f53baa76d6c7f6d442ff00b4d64aa31e515bf85f041810acd248e7a0ea0d0fdd7705b0a69c8a66f436c4f34d391ea88c8a61cd0281a80cc81cee52efee6462dc8a96397cfe85d9137a28151c98533d21119a8e63dc544222aa3e7cae52faab35c06257e1fb85f87ee1188b2ac9107e9ff4a66d376a9f64fcf59ea564de868d0a9cf96159fddfdd76871aa91db85ca6f59aa0de6bb133a76d7f11c27a2e743922c789f5da882259ef59b72569bf3b76c9f2aa0662ec1398718f38d45bf49828e4816cc564649b1c4ccf1b94deb7204c8202cc0231e4ad9ec98629ad1a4dec88c0aedd1cac90ec8ad8702ad5a99c787cedc331042ad9d2e8760019281911885bdbd2af87b49e085a13a99962785c9f008d23b12e8c32ac97735934601338f7165c22141b9fcf1c3273bad70d156d569d875aa2df10f7546778aad69841537fda1009be975765933ec14498938952c6a8b8ca2b60c055f69d45a51b6372078153e3fd5c0f188f752a9fb5e3daa7bb210a8d99373d254942330a0a2643aad9a056ff004ea2ef6f4b9028b34e3beeda6e3d5450e7c5cacb444a99ff006544f87e9feea0a4620ab474a89e02e52ee1a8b4476917a07c431bb16e3a76a31c62a90c27280517ccf4525292fe106b71d015ac5c0ceed370d453b08379e462d20ac88c45d889152c749aa30d284715d8f1f45993894f6e62ed27ab51694794acaec0e0e16535c3c625be17f6289c57631d272501ff00b5bc71e77293d5a8d02a44ac6e7a85a0ad371eaa22f41bc5cacb44ae36932c6e5370fcf09fca08f31eabc214b043657e877b2272421e3332b6e917326679a8090ba5a7021169c41ae9770fceedd1c101931a5bcfe5149eb775aa09e0d70fa8200fe8f17045c712a224735fe496dd0bc6145fe1fa7fbee0520dc6bfb4fe76053019e00473d3f272e380513a4c79d6d77035fa4ab23f54d46a60da8f9475ee5cd38145a7115516f87e7a11310eb421a16109eff930a31a266f839adb20a1545521f37f1dd7c4188c7754d39107f3d10324f8eff92ed3217f6951dc56e4f1956ff5f772f09c2aa33e5f907fffc4002b100100010203060505010000000000000001110021314151102061718191a1b1c1d1f030405060e1f1ffda0008010100013f21fb98fd55fb47f477f2b9fdf5ff00058560da8363e4551af1e51eb4793738218e0cd072874fb7bcecbfd03f116facd3c9224c49a94f2e47939d0b80e140385f5da85acca253daa478c9c4b64fd49fb59fc9c293c5a1597a12b1f9345a90061b2f93e7795073ec295ce312bb4d08229108491e25415b13fa1c3f4e396ec16e3425b42d9239579701e95960351ef351f1bad18972e288f1a72ac828325be060d2409202d7a20b4528000160c0d8ce4475b86d14022c99511860b99711fa68040471292f806144b8fd749e2f5897c770940475269560ee7b75ebb91c4329ca991d0c471fe2aecc2893090e95288888c8988d41b603a0d4fd48a04240f1a003679e02800d84c9f066f4ac39b5686524cdb44a4111246c951de2a56a38568bf8d4bc0d7dea51121191326846005f83537a2886ab14ec5dcc69f87c1ee7e851f451080956b248d47914aaa8ab15bad786ac7d95b79fa1408c17ccd6844a97a14f05224731a17206035e26df067c6a5cac6252d6ed966a05ce5cdfcd08825c70fd2275638335c2a68a060e07f76e0e6d7368f727616a7156585c613894dfa33f7d8879eb4cb4359c9e75145cecf3c2a639fe6acf9ef491bdbb57b6f3fa0b4775d46934a5d8e5b9115f877a0c0100c25ef52eeff066d635f7bda9ff0060c848873d85da1c3db6635621965c3e8dd8b56e3f931f64dac04ad74eb68ddc6e56e654d935cad025d157e03cb62091499963e7b524e8fa18adbefa9d6b36d075fcedb7e5c93f9d4cb636486750580f4a274a70ab178aacd3860b18e958707552b44f2d804f5a852cb8614320d2283bf08ecb68e1fd6a7f4355132e3c1e94c2581786158ed9ad06aea07469cdc8982a70e35040eb56e94ee8e1440e909a80cc49d5561060c870ac4d964bdb1a2f55e84c2ae2ce4e5ba134e03b1f9a1cb3a113f4220c7e3a012b574d5e5e77a62629b350ec79d71522add618ab528f3540474a16ac7fda8b59212e429052e05435b329a02a7a32a8c60d47552044ed5c0282b65ecd186e0c3510ed261989f83f429766e21a38d626864e5422b838453bc23c5402a12e74d90c2ce189a540ea4508c18922996673b2cec318453286490329456b7e61a08c08e8dbceb869b015dab31cb6f2781d7f4269e8b7c8cea4031d286cfa501c5d291686fc8128b1aeb2fc552d018382944217c460f1280315cca5325d50d2762915331deacc4dc9ccda0419a37a2e60120e9b306b173beef395e17fd094f944769ab8d338870a98c4680c17742fe052325d3cded51c8161c80ceb307b3debfd1d1770622e7af3ac44f05ef567628522d9a04352e879373c49e5b7c9ebbb26e5ee47da47e39f3c7a3078d0e7220355a8971258ca8eb3c011b485902639b819d4acad6f7d8a9de55a4f7ce4821951a610be069332a64cd14c4d63952216a4c458a7318515e0ee4e9903d76a6de1bbc6a3d9fd08c9144255b2491c6d7e51488903032ab46c98924e94e927ca68af1f573440588a412202eb4b0622cd78b58b1a63ce9819bd9a43545d071a7b982a020f5a93404efb90d621f543f41989d294a6a0fd09fcd592331e3c68396d742b2be0e4b738a9747baf13125d1e7528909b3a70a102b9b00e9fed620ca656ab41c90f057347977058c0a7ada46714ae9bee0f2af8dd3e85bef30fab8fd8df7e58e4d30a974b12e579eb4301be2e13bc511813bd63a8f08c5a0cac7c9d96de5fc2b9c67c5b7886bd8ae04aec545f5f55f417d125bf3385c3ccff00360ae760f6a00cb714225c5836ca3152bc3236211865af0a676ea5ae096d249fefdbec83813bb7dc283423f0fd0a7f1717799ae39b93afb547cd9c8e46e7f8606750526961ddac0dbdd1dafeece4f6773f9bf123531de8200d2dfa16867f03b41901ab52eedf73d2b509caead680000834dc21c69e7f81c8d8e7c00388bdb946e13e35fb031e9bf713fc2bfe8665484254d3e2f61f7a2225de29284dae2ef0735366516e6d605367c5e5c289f004c0e08f5dc33c57689f5d9f03aefc3eadef6fd1239b313e8f0684e108c0d132decaeed90ea25da99f984e7500529cf46c6ed1493c3796d2cfd9536d8be7e7bfcde074fd15cc369669f7a390f9a6d01769b80dafa5e3984afe6c79b63bb9525aaaa976ed0a5813899356701c1878d2b0a8bd8a703c763e8d72bff4699510f065fdf1a94c9311b250d819f9954fc585381ceb249d2e7bb59eaf159a90101500b606a2594f1dc9f5a8229078df69c037a4df6daf5f4d44bbae2e25dd4042c20e9fa3f83b8d07d908a91390c0420834c61098960d857bd0f8a2d4ee9997e09857219dcb152426f53e4946d2ff0039dbd76bb8e6f2ac5596d8062ae1b7eeb1fa22812b019d06cb92b77af99eea8f0f365e55dbe86fdb639f8b02b146be052907526a07c7196bb83f2af8fc5a6597cbb4004058dadfef295daadd58ba34e1b45c0d406c18f1fb54fe3d4dec79dc5db69cf2e75170b31667f95651318d9529b817257720a5d8d761e6a3df0145e6349b1811c26386346df3c373991f0b6db0e9e768cf96eae3feecd4fdf4fe12d0c6df82a00dc0912cfc4a043adcb5aebc0d291f3348c0612766a25ffa02ba4e4e944394d30e93b90713c44ed5d3dd60e25209145656007afe84b9a4f6377211ca81d30b47068a2b89d3677c1eaa4925d8c715fda11275bd1e5aff002bb4bf1df6a0d0135c310f0daa7e2c371c2b2d889b0098d45c197f047e82bae7a7758398f1a0b5fe9fda74f8dce557f34f62b13abb89ab4d347959412d78e99545a423567a1df0a1d70d83e1d51b8bb4f236f4a15a7576f12a7312a3fe118340dd19de3f9f92a8889236776c9d2beb5c4e26a671af95081d3c8a15f2277a4c1637fb2d5b4ae2e16a0399e7b205a2be8dfec1cd50196cc0cb60355d8ce268564a9191279156576eb3e6b4ab4d76c88e9254417f93877fce878ce92348db37ecff0072ddb261574eb3d289e0a3ed3eb440722ac9526e8f2f7ed318ae771af4a9489a9f480f9bb8e5be05b6448e790a605205be8a91ac29f0245ae46bd7722cd930315c2a22740be834522c446ab609ab48f3f872a0c92789cff37d03ef4d71d64d270bab8c51098ee0122cd10e4b17d08365ae08e5894f0096f0d753ad4819cb0e3df3a02a666267b31eb7c29233ccb71f25ad0635fbb488b066520c439527d97ce4eb532d718796f0143d95fc6a1b02c29d08a6ccf943ca9494e0b21fc49fb2357045d69acade2f50334735c7e32dc0355c0a07249270934d6a12182f864d7c7d7fdd889f81e7079d1820597044b34e4eac729b541b4745ee5c8bb818b432657a12bf5a8a78d261c8b11954c6c0ff00149fc06b427abf0fa0ea514ba6864cb3f9c09692ecb62945c4afc1d386c1c0958148be7fb500101014846d0d068d4076658712d8786c81e60e829ca32b9cda0680457c170dad230717cde3c299a5024c6917b83a52296e79d3e3a1ad3ffec3c760c7a7a5f767db63f4af3f4668bc03dc1b5048491acc6df039d64818f09eea0020202c1b6ccf0b2f8caa45c8998e9b15c68ce81763e4847adda502ac05d6afe7e74d0e350200d0a45b988548514bde288e586eea3d6ae5b1f873da6efcdf7f0fca4fd2b8e9f8bfbb86c12352c67bb47f376575e69f9850df2c63944545966415cc9f0a2eedf0e7a140b0cc5d4f7a83282db571f6549f2a808a898356ccceed663d3066d6577b1b809fe37fd17e49b93e9ba30bc2323a342d6301edbae148583227ad12ac425269c2af308278b9bd38d4d0d76c65cbef4205dd32a46e960e934c24b6bf0357045f0e455d2c2cb8391c374e2e3ebfd1665fe53bc48741178364e56a32dbb03767dbc15c928bccb131766966c02e8c6a6981f31ab528173c741c68479a717f9c2b8df873abe9b9e0de5fa2be60c7da8c2f2727749ac4bd2b03b67a660fa54e8b648e23a6f1431d099345ad65630a6832b853f5e15d7e2e6b576e8f2c771f1b87e8a251a956008caf85126039358cbc328a910d93c189739972867181790d03ab991f9835d042663a3bb0395221601e57038d1a8037230cf1c8ee3c1c5f9fdea049625b55fb17c2f8fdbc7d883943d952b505f295934a9ba0edb6e3cce6fe340be0269975ed1675f4a2ed61cc36e1582af75cbc38d1a002c06ee5981eb5967a7a6d56bef660f45fc4a55d4a0c3a279c7e2902659914931a21db01a2d0bd289d6c2571b0f29a4a066f2322a1822180a01177b9ed53cc3ba0cbdaacec64d7f397d08c6c7f8ed823aee4fdca09a1d312af0000d181621c2a4fc338b625a923888baa76c6431da0c7006dc288e11527814e3827635431680b7824f1c5e5b0dfc2cd86827bb0fbf5d9cf8bb8fb8c37aeb9966644d357882227239bf667d3c76e1ba682c8f44dfe4043d2a025c03d2c50003008d904660b75ae76f28fa560ecfcb96cff003fc6acfdee1e1336614c12842f949441723d3ed27ec6fa5dbab4098b2acab9aef200702adb45111c135c5511b7c73c8fa5d2aeb9be4e15934ade289fc07fffda000c03010002000300000010d93d76db6dae236db6c3edb6cac836db6da3df6db6ddb9b6db1c36db6db57b6db21f81b6f70db6d96b92db60eebb6d94b96db6db2fcadb6d8e8b6db7d65db6d86fb6db6ced632fb55b6db6c84bb6d61ec6db7874fb6db5a4cbb6dbe6a5db2ba52b6db0db51b6de172e115476db6ecbdb6c9f2e0db6adac03bd7fcb576db61defb6c41076db60cbdb6daf6e3daf186db6c3cf76db7340db6cb83434ff0033f096db6c270b6d85156db6db8b56db2a2e5b6db6db6db6db6db6db6db6cb44e97f83ebdb6db6db6db6db6db6db6db6db6db6db6db6db6db6db6db6db6db6db6c9aecaf2e5bfaf6db6db6db6db6db6db6db6db6db6db6db6db6db6db6db6db6db6db6db73d6106d8c6f95b6db6db6db6db6db6db6db6db6db6db6db6db6d36db6db65b6db6db6db6c40467c7ffd6432656db25b6db6416db6db60b6db6db6db6ce7db6db6f9cdb6db2fb6d9228f7a3fcd53deb71b5ed6db6ce05b6db0b1edb6db6db68b58b6db606e5b6d9692edb6bff7767df7584925d637a5b6de7d76db692e9b6db6db6d26d42db6522d16db58f15b6aff00e5a9ff00eda492497b1c936c9ed0adb64ae946db6db6da67d8db6d91e70db02498b627ff00fbafb7f9a9249253332ed972d9db6d9a2aedb6db6db6b66db6db44b5db6d5f436c2bdbf30dff00f662492caab66db69d59b6db6a2ddb6db6db6db6db6db6db6db6db2496c8fea3a12c1f6db4924955b6db6db6db6db6db6db6db6db6db6db6db6db6db6db6db6d8a4d9ecb4936db252482476db6db6db6db6db6db6db6db6db6db6db6db6db6db6db6db463b67b4fbefdaeac9648edb6db6db6db6db6db6db6db6db6db6db6db6db6db6db6db6f1f6c2feff00f80335824919b6db6db6db6db6db6db6db6db6aa6db6db6bb6db6c86db6da97f7a3fefc600692492ab6db6ea6db6db40b6db6caedb6ba9db6db63f6db6da65b6da21003feaec3400d2c924f6db6fad1b6db2b74db6d8cdb6874936db61263b6d26faedb45a05be1cd84800a492489db6ce3df6db6f061b6d86bb6d35196db6cf1d2edb2d371b6d0d00000b09a025692492136c2111edb68fa906db4d36db158ddb6db981edb66eaeb6da8480002243e061524929c6db0155db6db3e0edb64d6db6db2db6db6db4db6daaa36db30a00009c2980a0a4924b6db6db6db6db6da6db6db6db6db6db6db6db6db6db6db6db6000020002170011492480db6db6db6db6db6db6db6db6db6db6db6db6db6db6db6db6cc04040024880062924911b6db6db6db6db6db6db6db6db6db6db6db6db6db6db6db6d92540002d8d007c52492bb6db6db6db6db6db6db6db6db6db6db6db6db6db6db6db6db61000068e80c0b8a492476db6db6db6db6db6db6db6db6db1736db6d230b6db6556db6dbb006918d568754924bddb6d939e6db6cabfb6db6db6db4f66db6d95faedb6ced5b6d86cd18a6afc816f924b9976db7f72db6da4f3edb6476db2b8efb6db7cf39b6d64d36db4c77aa30a992abc648c38cdb07541b6db28a0db6ddedb659f6f6db64cbd76d9c136db4c58dee2cbf2717a4bd25ebb6507256db266b936db4db6daea26db6d95cb6db6691db2524d53422d242d6d9296e2b6dbd03edb6dcf9f6db25b6db6db6db6db6db6db6dba3b6e648f8b9e6249f23925fd5b6db6db6db6db6db6db6db6db6db6db6db6db6db6db6db6c249039ab1ec9f649243ff46db6db6db6db6db6db6db6db6db6db6db6db6db6db6db6db492072c654b32c9257ff00d88b6db6db6db6db6db6db6db6db6db6db6db6db6db6db6db5f24844c8cea259149bfdb1615b6db6db6db6db6db6db6b66db6db4f36db6d96db6db2aa4916c836e09f048a6d2983a36db6db6b36db6daedb6be9db6db6766db6d96bb6db4fe172439450143618c9acdb6e407b6db2dfcdb6c8ff96d74d36db6b36136dbfb2edb6b214a49c681cac6500827db64b0db6db6914fb6dacd08d77316db6c63f96d83da15b6cfacdc90c88361644a00a836df131edb6522cc6db2cc4db388ddb6da0c1edb2ec83b6dbaedb0400160ddca00fa576da15dfdb6d80a26db6ee40b65b0db6db6d90db6d78f36db20a36c2000884c35b624bedb6cb2db6db65b6db6c82006db6db6db6db6db6db6db6db6db46db5c00115969aa492db6db6db6db6db6db6db6db6db6db6db6db6db6db6db6db6db68db66e000df0db0092bb6db6db6db6db6db6db6db6db6db6db6db6db6db6db6db6db6ddb6d9f800018665d25b6db6db6db6db6db6db6db6db6db6db61b6db6db6db6db7bb6d823a326a00088ed9a494fb6db6db7db6db6d7adb09b6db6db7dbedb6d6adb6db3f3edb4a146c8b8011c9f449636cdb6db0b16db6df5f36534fb6db2db35b6c35c76db29a35b60d88dd7a5263f9ad521f41b6db79f95b6c0cd16d32876db6d199f6dac508db6d8fd76d4b71be9bb11c5cb9a4339b6db6184df6dbe667db4d26db6d50526db074c5b6d6c5e6dbb6db6d868ee489f629b80edb6dc8026db7101fb6512db6db2016db6c35fb6db2486da06db712cddd9a176d1c380db6db3486db64b61b6cb0fffc4002211010002020300030101010100000000000100111020213031404160506151f0ffda0008010301013f10c9f69c44ae9ab95d612ba02112575044895d15084e80c27484089d1570225c7518f7a4317441f7b9c61e626e7187a865e8317b85ba3ef4798ba8373249590c1ee1370c5a10971d4343b18612a3b8408e0c4d830b08c4d431ce09b861bc25ec618315919ce02df4062b8610ec5a952e7fbd05c3fe4facd4a952a308cbc1fec7618e183c4751c2e17d2372ea37b91879184bc8b15c5a5df45e0e22dec38bc2ef78b8b7d09062e2fa4c18ee5716c79e8bc5c5bdee3070afe306972e5fe44204a952b2bd4d13f1d72e5e811d4d13f244bd2a38347a2bf9812a27485c089d44ae80bd1c1aa602218bdc8113a02544e90c3de25f5851d40c3cc78d8357a02a3bbdc9c646c69c3aae0ee302e1dc9c461b861a6e36a952be00422c3989b05639b9cc4dc30c22777d617058b7519719f5b96545fd463d4f48e922ff00cc2f1c4fa8ea339b9729b8b751bb971bb8f70c5c5ba8f32e5ec3518b9c3177044af72e52bb74f4dcb97177bc5f4de062dff36be2f2e73215244add330822380b5a9ed6a9d07e0c5e90f7c65722737d87f18f7c820c0503ff00a3ee033cf5b9e87f07a8596916776ae8223d77d1a2743f82097a5cb8315cf14775c748babd07f1423d6a895f00f34bcdcb97a2c79868f41d15da574d6c194e90c25c770c26c465e812a5460e890d1e8226c653a4309d01d21951e9bc26c7ba26d7adcbc87c1226c684dc27dcbc3b1d3772aa7bd025c4b9e61d430fb8761cf409787a1dcc3b5c0971dce65ca97d05a97b0d93cc0e22ee351e65cab8b5b28dcb9f7f08eec7722d6c319785dd4afb9708bb0c79f9b78b8b7f02fe0bf8f3f3a769f86bf807e50f3244cb83f9a1d8213a69e93995d2138422c9c47a6a2740609d27382778cbd2194dc309d011898a9c471630d6213a0ca6c1796a3d15594aee09e42d84dc30b53d8ec62f09b06161c918066d8d635aac28cd8a4adaa045a9e91d8317cca89b846380d83730370837d22d4f62d61d4c5740d61ec78cc79e7de11c49e455173c08371d467b3c8f32c30ebf50703cf4970e07b8317fe4b97d372e5c5d944964f58baae496fc10e19f5c3cf962e029ac961e749614fb1761a8b2e0c771a8b2e0916f7bf9f7a91d2cb9614c1e569f5289dc7289edcc27e0beb51a8f9f398e3f230f7d835656793a0d13f02f9b7af16ce750222e765942ce16646f5036afef9b1d42b79c0e745f157ccabc34e0d1c9a5cb978ab89f36a575d75df4d958a976125f62d37dcb4ae0daa0e576f624aeab7554aad4329d2184e809512ba022a71b272ab41ab6850b8a2255cdef129fb792f03d0184e90ac2740c25c4d09706e7d47731781b1ee8ec61877f6f82e51a7a608bb3d879f55a8e2b06c12ea0dcfa8ee18bc3b185d463d871d23092f7302de13622e24578ff00e19cc1805cf3066e5165066bacf7023b8c70c0977d0315ccb8eeb8973eb5bb27861e45bdd44fb972862dd6dcb8185d863583bcd2e9883c37a7e375737785873a1b0fd4f3c970e22dee4ac022ec31973d97f2465e08be9f2e9586505ded981730ad7162c180fc51d6badca1ed5d94e3184ac57e2dd6de3f712f5e3025e2e11d1fc28f303d941be8b811fe8d4af8752b7a4e6067ecc1bc5063e181f096ebaea0b95f042e112256e12a3d009e4a895b73795668592cc7fe4a3e15f211d3a85c0a8f3132e8309d2184e80b81581d0f4193b8e317137fa972e3d038867af9f1e70f1032878e412b265e85e06e75884b8eafacbb98109ec750c2e1e7a0970e23aab9955cd15e56395762ef8b2120b0618e508c4d9793d0b893c30ea61e60561dd773d8cb9e90dc5ac2d6e4799753d9e6ae4ddd55e1f120560a5a2bc231c91d49516545b91973d8bc6c4f6792ee05116fbef37d060c5ee2d106936681e6975e2d3d88e097b11ebbf8bfffc4002b1100020104020102060203010000000000000111102021f030314151f14050606171e1c1d181a1b191ffda0008010201013f10a2a978124d681d70fe9a8223e09b360dc150601e9f0c03821d409631f76cfc4168f708fc47c00f334560df1314bc9f4ff2c62c5ee433c3b700c5234a87034987c1b711d445f6c869b0ec9b6d0662f9c0c8f087c4f9105992e00c9e024d042b6b58e12f974596810d7fb8013ed42ba3097181505fc3d1665208b95184013992a1b83fbb3bb7a12601b58cb0c0daf9cda41d5d8f249745929f06ad6f74060f85cd03c43e3a1e08b373de9da5229463898ff3709405da4e04c1c6d744093df1119da35fa68aa401ac6a1808d0f240d442d63454622724ac8c15e0ddf00ee6322bf874267433cc14a06d6fd38e02e99d49bf668a8e232c0337bb0ad1e1293fae0cc0a2964d359fe206e808ebdd59a0fa42618922d414da97f726fcded2176157be408b053cda6d4d26ef9ad2a2692a4332d7f50107b8698077dbd08e22e058830afd938e47e80a21c01f1d4a924d5687747664d1288c7050095d6a5d32270883f0f639fa8de430429fd533eee0c4c341aa444dca0c0d6fc4d08f07f33d923a330dfc63e08f89d8dbe40a6b3581dc136940f1518470c4fbe89e1beb7a768c24522eac24728e54e7da5b3483735f6c946dfed835b3ee10f54b09a6b187626ddd70a390004890df5866abe4624777be841b87503be8c414c343851c446290431820121920ac3066d53daa4bb557d834346479344ef4267373000dc23d68983746f4a3acfb593cdd616402c1971e8352e40315c10d8251a81a261134fc887ddd205e8a1bced9608123dabd6d29781e9bb54cfd1d1a53961119cb224c84745ff8087ed1e08b548be06c00ebae90a0122d80799ad13a7f47168174186e81614a74325237f741c6be6eb84849a0ed9669079f9b3477f0d8e0b2255f0dca757374599947f6d4513c506c85e6bc4f376368c902680078eee8e16ae3f13353f014a70693c2751b1d023e0f088f92b41d01dc12528370f16fe0e8cdf530a89b124ea8e9ac1f7217ad03e9e97cea9a90dbd48462e4b286218113516c8f7e5018d27c14417436cc723ce1126c1e381d4981a6fd97c421a483f8117c3d61b4485aebd24c282e42732a3f4675162e46e089b8e88a892365c6048032694072d3826b0ebbc64938124c848b7a163d0312981faf288852c28fe3fb4f5e02889d109f436fef1c2f01775997919bdf9dfc07b47913ac104bd11a489e04dfe1a63091535708469839c4484082ed06fe8b0687a4648548ccc221edb086930ee086473f358a6fc1c18a9aee1940d03bbde42c911bdb106f6813af1840c6d36c2b7759707f8f3aa19e16467ff8d0dd139febfbcb13f60348728e8b8b9db4fcf2eea67754866df402293484dea3a11e06348b6e89140507b302243e751ec38b3c514d060b6bba2a64d8eaec9632622155a9dc8d58ad4ce11370af5513c17641fb284c5346ac7b89426e0c3d4281eb27ad64499bd1d701d31d3855da84cf79a206dffde912e94c69039898238489a3570b892ec2448977719ab4940212bc041bf24cd45a2278344cbab10868947573404763a575a242737f46e79c31c75fd778fb13af0907c5b0244f1b980f07583826db2fe59c882c5916f379198f1288c6c1e85dd1cfa3368f0229c6ee50777b8bab0259fd064e6434250eb470e322795c5260da79c10f57c94857bc110fa040aa4c21e49c23baea5d13cd11b1134124f713486869b5358d5fa0c2f5e8b5703e8b3a4c6f72469593055ad8225ea1df24efe480d305dcd441f0a53d12993f8c5385314dc431752049b448b231d89104494f37621d58d089cab19bf146782bc202487743ac3b370a32621a572b2541da09d31ef8625bb7675c2c5700714d27c4c12efc683209558c7e211bb659e48e817609fadbb9f01c748d41bb59feac68d6e3d47f0740a35ba11c6c50da5329b529b3ae002606c82f03520698677fb490cfb83815e17b045018d0811411f9a4bb925e01282880c2acec0492074390a485bf086bcb33e5110540bac94d33de0141fc304a16f3674d1b5cc4e5c256750467c08225f76884555de2531b3122091b69a49bef3d381341255d1213568921036400577d0827b4260f7a42479588e1e4948f3d0d442d6de1e49375c3bfe9a32217b090e16ca09096baf4c7d9cc22d91534ccc254b61018a081387b18433132c5725a72628c43944ad5f06459e751e85ad436d5a407c7f9ad4e9e644fbb38026548297b12206bc512ec334db2f8d024ab712a63c896eedd776604f4a0e4d3f1d1ef6e448e9906fa3b66985832c315cc2640c153285934487f061631d09e188ed3479f06c2e23279a2014060f6bbe16c8640213a42a4b7ddb17ff9bfd4f023a7fe45d27dc582785d6a49a650e49f05600c33e783f84f88e971c19fa363acd96c4a06e5bc2d2f27f04522497c13e9f2cbcb08561fc2a0c56aa457a527321fa16ff26d0fb086ec8e96ccd0e2f60429121458bef749ff004254a09f935ea4088b521e28d989e695e3ac564a65aaf43c7d15dad28acdedb14a9852a827ac05d5b218ad04cfbd4eafc9a55c9d07c842a00870d0754221ae23d43304e73542561e89641ac8fa884c4488f823ed1357bae27978184e87675dfc1dc0782b0040ac4c6d01ea7e79b706f041821189e9e87a2f7785356408969a07572cdf2919adc18bee414d02ae808ba23794c72a710fd890f19121548c482b806eb5e7833bc489a67899e87578e107342522dcb701c0f64815e3d1b2f430bfda40a9a0464240482795f99af07811ff00c710a60426d241a7b10af753a105e9f873e08f19630fb4498160f781e87c7f6c94d808ea342d2737c49d18f5e72d860f7d308ee6659e2ca6c1914ea9c8b9fc27f8934105abf88a550a5bb310d90377d94248fba163f03a44d821679118b57e424fb58be7541c906a136bec84f8035fb70eff004c413c07eeaf702bfdab8640260846e2b058e0dd3576624c7b44113e052a51dba27848a8d778c60cefe2e10eb410a87a1aefdc0adc502098d3480a80324a50acf4caae61575c921a68d1691d48b1061c82365c26deb598ca8704a75b619177ff0082d3a9111dc7f61de6894132f1a046e4ba428ee8c05cfa7058d706d8d001088aa9801b135bcf4bf490f1484572716dc9f639a858576d2960f62008266bef07f817744079012982a2350b14848b4fef682c6431a30aa2748fdf3c0b7abfb950a5f831c10b44ae2d4b9adc4f065085a8583d048dfe345401df82ee703808fc0735041021ce9635e03c8cb89fb7c67deaff0024577739602858a4393c2604c469c0b21924cc92f86feb3db53c846ac2b3f1d3f2492d6a4018e9829c9076472c858a2e8abb0da48e186247651a8fa03bbda94909e0860e6545a4a445161a2191f4d6510d2fa3224eb683196ecfaf2be81362e89ccaecf3cf3d50d2d147922f4b2e3997207d5eefa0e026377cfb3a208351f27c604612982221e207ec793e00f407f0cb676264d16e843cc75e54f23c3d308a8ea1933d11269f718d72c11ea40855751b9315475e3f48c7aae22904f85bce0afa62ea1540790d42626f0311e06cfc8e91e7c20ac8783770489a812a2f31e27330a8f44dbab1a9c09b784509c48694c45e8a3c2440360359e865d058107334d7372eee44d50b97929c43c0f918a5c2235bb77663c309a3152fd3f40a91c3968bba10436f52859482e8caa1b4e3d125d4f37bb8ae3b3f34b79503dc11278ebe9c9b434f22d1980fae482c468e69035219148646db3b3941c411b191299d8e515a4a6cbf806f00b6334e1e4164a24a2abce23724ceeff00a85dcc49f5ec0f807f6c880bad630ec4d15e93dca983a64c7bcf5257f08b27b64d6c9e087dbab3aaa62e467791197fef806d66b67d9a4962b96bb33d2dc875686a70c4f375f14c88914813b22647c91d86a1240555db681e28af1303b0a1d8dcd0836156d9233284f6820949aef691ced0f031bc03b58f228d1911703f5edd28a844f6f8fb8ee9123e348afd9a210d96c502c79c7f14a568028e56163a34db43a4e20d5f00ad0913db004ff0050170bfa11d900ee0d8f44c8d6fe7812de9d89fbe89b074508188148eb262623b7244a215f209ce68d02fd85505e21ba7f911601a6204c1e575902b413f4a04926eec245595005748627782fa6baa79d64bfc184821d2266d822ea61f748e91bb51a8249b1972fd693a87c2921d31261122e0d2cb984e3234ec3b3fe418bd2ccf9b71302321b4f1947aaae90f0e6b1665410da094e6c8ee697d89f5a4f0f7b444d82bd7d8c3043b134ca0d3d9d7c96372eff0082d75262ac1c0d8bf06c4a6ffe8484d9fa2e58c981a6d70e88ecc364cf441adf5d536069b2955637d17479782613404e6f12b029d621f8f9845af73a35f07ca2fa0d889bb489c90927b2139a30ca0a12351942732ba4d4150810eab13dda02440035f0be5497a4790a115cdb8ad1b9d9fc3020b2462ca50d510139a85fb70bf0a1d07c835a4d0c3a63681b4c8226a712346590b8275fbd1bd49f8744ac95a3b0b759c902a467417d8863881fcbc9248ae163853045b40df22e46b31e2aa841ba9d7fc91d1c5fc6bd0d8464468e8d793c6d0808ead8121f3a6012211b551d5e46356dec71d1a260ef62800f42d81e8682914f5efc321b9083194371d91f668500bb0853fa03954212e379424eed317ce3eb464c8077dff20db1666f9dc887a605a39f7c919cae824d0433fa013aefd17e4c7fa48180aed5c0c99fc040386193c2a83cee398671834b2e04594c534ba40904b1306df862b7737643e7c09ee7f9578125ae2b9f6555f1d1ee4723b928c3d066e9271b0663246a4b4421c9c1af65c015c86d2dcc6d9734a0ada46e3916ace23f05cb03e41b17758a13102d12807f84505c46c4894fcb8647004b41f65b1f19bf8ea040a8bfa50410536f8170941991ff004d550e809582ebc78b878a69e8693f685d0071ae9178dacea0e1a3f3c9eb3993f02a6fd0d1d0e876ac3420f77c1344d620851b1a4d675e14e1ee95614b8f84936e338941d2d65220ff00bc4ffd8e2b79228c8b2dce448a500583f72a5832def2060fb86e535f1e692d605dff00bf10356d686c340a229b0204f08646cdcb84fc046692d00a7fa233fdd783eff24bd1c521900de6c06dee1c83aa133134c957ca6294882141e51c1a7c1931d613a259cbf83139cf298b49b3c84c703c464fffc4002b10010002010205030305010100000000000100112110312041516171308191a1b1c14060d1f0f150e1ffda0008010100013f10d4344f46a544f489e80689e9844f48227a01a27a212a27a211384f52abd206a9fa31abe806a9c4703e95c78cd5e034344e3351195c21a2e8f11a308c78ea118689c468b08c784380f1868e8f1108c232b51841843c6474611e122c497c6474755a5b83ab3e2cd11c3165be8857d02a0fbbb261dc40d2e1b5d7af460c60e847888ba2c23c2685e85f40cb8c7886308b097a8c5d07d1bd062f11a2f45e3bd561959b4482acee4dc82d2e4eb0da6c4ec85b2f45ba99751f514257e077432d55ae93be03184bf44c22f1de97e9862f18e84595ff0017ba08aa5b34e577c7bb2f85bbfda8de1400036028d311a38b16b39196765da436021732e286aae57f39bbd57312f923e50c443bfb795fb3aa07c1559e6595972060c5202c90ba2bf5cfcd2509d7837eea84851bb517daa5ae2029f38a3792e98f2b296a2455d7f66077c0c4a79189cffe1824d30000500699f05b1c9b0d6f7e0752a6275f6c07ecdc3cb221623d465d8ec250767b4625128d9fd540d6050e86a72d6a735da79bc876f3f970408f2b4653cc4c93ab7f3f7af9cd66ed80b272c0ddb99da01cb92a07321fc43b9afc87ed2ecf23a450cace8d374400000000eda19b5ecb3e016b2eeb5bb9010d417ba2921f8028d91944681e4eb4371b1c9b210c5cb93f8a0849cb521912636de030715550de484cd17cd0a130d6c4a7fe60344f442044f489e83fd1254012ec3af94f7937d5b77b859f399f3881bf93a37ef7e5a7d801d07f2728493231c9dbcde3e208490188a92c4af61a4131d7531965da7dbccdb4fe72feba26072778bedc933fc908800143623c0113d00d13d10d13d73d361aa7186a9c56d17607d845672ad5eff7d5b4744f63329a94b3ef6961b54af45d981654674581f899037e4747a3f3a67720d86120d5b8afd8846c88f92390e72b6bee64ee5b54aab6abe789af310fced47a225eafa571fd01a3c668b08f1068ba3c396189ce96cfdd8c0f4e8381732552b29b654aa80421f857d530abf741f790c6c640f6747f720e84d8e4771955868657a048eb6c8be730d18463c21a568f19a3a3eb5c25c22fa0745e322c497c36f13ec097605e397d1f2f3e1bb1dd0fc93e61b44e7827797c4de6ac06e92b3ca2eeeb979506f26cc64b66744458f475f3d75f8f9e1f436a6ad746de01164b178a165c5d1e11d2f478c8cb8c7d618e97e8dc60c5e218c5e8bc0cfb00f2f2c712eadd7618472101dda858653ac2e60786e74b7b2a6079953b62e06473df94bf16d91779665969017617e854e5043282b0f9e9a6ea446c13389b2ec21f389de9dc94826e9bd9b83ec984789407734bb9cbf8ba862f1ae97e8de832ff00e5dcd013b7f0c5a76f0069efbcabb8bb029818b80bc8a46b581577a61d3c81a9d53ab5d08fb04c8dc72e77cc17a0242b011aaba12300efd226062d0ac9fe20d09912cd015b52c15b1ba1320ee94722e5b751bc372a6c0655dd72f8323b17533e9b0fb6828d8dee78fa20046c411f3fb0853cc0a5dd41bf0ddb79ad131fd90619b7d53e137d4843594ada620a1305b4313a41665ae84de4e4e79f99939816bcb9aee966dca080087411b5fb2213685cd89a105b5df55b66e0def58585f27f137d8f7bc31ea7f0403ce02d0c47965e5b850ad040c95e60d9d36be0aa797387d01dd326b6eb69f27ec208344e6455177d8af92c7272e4cdc87a9bf0830b022bc3bb92cb3b83602161406d055758d74eeae025b7ea00adfcbc460bdd24f9b65ddb6153563d6a627b9247e9072193a9a5f0b3b4a15c00efc82073b6566f832cdd913762a3cf566af880ab5eed0006576d723cc07b9ad8cfb58d3fb0ad2ec1ebcd4a285b6bb0466d3479ac24c79e24ddcbc88f4a653184fbb2e8c9cb45e717384b8672e59b9762734940ed15bfa246ed5e168b0ed770df6ceab6e80b32fa45c321ef2ab3af67e69155de58f43a0d09b8d90ef3600ed7c37d7c1fdebff144af4ebf4296e5af01fd59820150b07a832476e9f2409db8aded0217166151eabc83010bde803f520a37bbb01ab65550e87412e7b23fc881b3a8d23847b8e9beefd2323b17325c63118a3983f3e0fed7a75727babdb2e1efb25e1bd004afd2ab88354f443462718689c4f46cbecfe897d17db5348202e082fdccc381755481f1ad7f8560a239152c84419e53ec541d4afdae978fd891790306a888b48773331f4ab408eeaa845368ba5040da9b43da8ffea59e799d98a9c9afc570645287b6a1f455f7387fccd1627a29e88689e80719a0e8fa2ba3c4703c2d15492c465b32f313b7d6473cb0b107825e4c555dc26c7452aa418d984144bcab64254dd4d8bef41480740a23208143401956751b3ab9d75e217d7f8128bd93c5b0f7945f51634ce6fbf22305ded33b2e0cff006bef00665abcd7c2821be47b66538dd23d44be234343c668ba3fa008478c9713d00d1d138ae36f1f239a9f62d148ae02205af583918f22eff1f0a6cc8c16272ec9736b4f2c735289bf35eab97e6574b3e207f98d9648ff00d41b1146e9f72853d0c1e0ea4cb278711f99f55561d71fd7a3b5eadf4c78ae045c78c97125f19178c745c22f18c48ba17888cb8c788b6b3ab6b1036180c010eae521a1703cc0e92ff806263703cf1296c283910540dec8b790c1262aceeeeae55a58c73fda8be737f36afee4633fc07425625043dbc665c8eea7c8e21d2e10bc63125e8be85feb2f41e3cf6ffb7f3a32f0454731c2bb32c2816ab455af5ae6f061e1b8356e84cd674184a86835e860397c84bee328fb1d8e53ac647cd6a0716fb219f034ef7feee31d27a0c266c47b1fd842cf268f6e2efa8cd5b5e7e64e91bf18ae507966a1e0aa6a24ee38500d80adb10c994b3da8180d8c1aa79bde1cfb8d2de7fdaeee31db10acb784ed70f87ec2c88e2f62c3ed38f7d5e1c6e953d8cdcfadbbcda3b6ba43e2dcc022028050780e0eb25b11a562fc7a274522266cfb5c02379e92bf165bc7d0643e1dff0061df6c15cc636b355759fe3dd0e600de176f2486e83b328f76f8b0a662f0ef8bd92060e44b662f9ece8832ee7a829c783817f07d1f7713d9eff8ff00625f72fbe5dfad252dde4efbe5c55739e70b33fef2f0655b772efdf200000000140116fc5d320c9301e4b5df7adc7bf904cfa034a8baf1da1bf6b1b7fe304af4ea27a35e8d37b53641e5d8f261d42362252261439139eb7ef1130fec1a99ebe02c3b3e4d2df5c479e37b21594ab72b1f15dc972c7ddb07f1d925ad4934da770196ceecf9d0581cde373b2945efb227a012a27a212a27ae1aa7a21abc61a27a04c4612ad79ba74c55eefd679ee32fc3d236fb095ebd00552a2ed68be93e09081694a77537e62a082d56825f2af87085ace5bc07a944edbe18060aa096aeed5ed8d6b5e6be45fa2273d28fef870a01bad70dded3abbe1dc080600d09c41ea56a9c75c61a0e89c61a2e89c4703c41a2ca9c7e0fcc8caa11d0a1d86d6526612cd6a75a82d58e2c34737eb5ed6b6f2d6fca2d6f3fb1b3864bb3be69018183723b4765abdc5d441dbde0565d5e76fb5bf1995bb458de2475a944b3ef09974788341d138c345d13883d11d063c6458c5e334ae37c005a9a0f2b1f559cddf62a19fef4f0c6d39bf96565affa0b3a593a03e0a25134d5f3147f23e598290e5f30860b607d7944ac763eb476f2202348bf72e123000060035723611eee0233c0a7b9fd313ee9d1e55b889e4ccc4d51946374805745ed465e8f0907418f191d0b1e23d01972e5fa37160c5e218916545e06312ad74abf32f2d6e46065f41f879cc7f0af4dc7cb9bc7b5837ce62960a5b18027f68e4bfc4bb71c3f043fddb60135b2168145e0d6929dca83feb0e0a3ff000e24de9674ff00d79f7df56a5eddb6d46d72b58a2b4daf6c9f247a3697178865e97e80cbd2e2ff00cb28d256e6e2f2800180003901c1916168753ee1338820579ada1e76d59e272d952fc1216dd6c5dc25bb4b87e2fe65582d2875739d15b6f0d8cc41574fbe1f8ae0fe92dba5969749077efc1906f99e08c9ec88f8634a8f3fb7a8fec2ecef94f8712d39b724c8cb8a174be17c6d378533bcd163ef5a40a0c63ea4a94f925f980848e400792399da233c08fd0ce4edf439ea766054f8ccbd30bde41af8787e383bfe1814036003c1a2712b5509d3b1d8fe641fd815072e15761ad911a12f0e94112a9f38d8607941abd3e4307fa45679a7fa87c8bb676e13b6efa19d2d4ddc2c970f096de8e5f0601f90a69d7982ec335d3527b61f1ad7be4d6e8584b8a280b1daf5f2fc0a7c84691a9dc7167bc1c1f29acfc52815e5e19fe4ff00be04ee4af20c3760047a8e7871ab12c1c8765e19db5947cc04fe89bb381f026320513952be48eadd84e4f34f6324e53a82e8ee7c4b8792b3a397d1d3a2be29fcc90d5dff004e0353fdfd216100bbe346b2d6bef00581d69967cc16b3cf2539c46a58dc14dba7c1f8b46aecb658edfd82dbf123fac089e9d7e9115e443991866339b1764cd78ddc2440844a47224caf7a9d25cde1a573ee17fc100cc0076008204c89626446745c4f07e2c6ac6a0210aea2ef198e41865bbb7983accf1c3f3d191b04bb1e7973d42e1ef9361c9444a44c227248b0f2f603679cfbf00adabbc6eb232ad408527045affd0946cf71a95b5ec2b2f2f297fb708e13a0e49e957a55c41aa7a21a27a01a27a012dbd5ed1cd19c1107f3da00bc2822a101022589913811da0a63a3482c30149d5d6793f646a6eb6ba4d57b3c469ce15511e9b233a0de4a1e46240b068447a6e3e207d57874c95ec63562abbfab8f800ab28dfb10cb856c02fe583c0007dde7772b4d81e7c0f3818e97d856a8ed4171e1c81e512eef539f3098e04ab688f5580417979fdfaec3ce50aead4f44344f40354e0341f44d2fd012f5788d036b1c7a1a8d57562ea9300d9de66b9d8753cceee70d4a5dec9dd815505594e4de7392cb560bcceb0df3a4fbd1f6926437b001f41351a8dbc991e04c8593336a569e6109ee9304e657aec3dee9e02cb38f29fb10db15bcb3479129eaab00083e90232b1f8494cead919070087cce17879f74f1f3e07c468076835b2273136499af86b8ac78cd2f4788d174753508478c9713d034344e225cae7393b41e206764be505d25a9b9dd9767968203227de5ec4cac5b6bcd9f6301000001401077069669197cdc9e50bd145d4add5e1d056f903dc59bc2507b2fbb09db10f6c4fe9faebd8a99ff00d906abce080edd83910f962a41cdcabcb1e511b69a41313c21139c2ab6e7fb1bb4bdf2fdf8e134b81063e85c0971e32c4e3da5c3d02245950bc43a5e83c431231cb750f0ed5f80088f318e75d454e619b7672eb166421f41f283620002803006b61edfbb586a9ef9a533c8a54142dd7734b6c7d21f6d68ab3207798ff81434010f9f3bb3b1cf013e8603197f2f3944a80060880108dd864f720cdfac6761e54bfd9af6fbbd56b674ff007714740c22f18ca97022f10c497378b2ff00537a117e8d07fed31c04bcc03f8ee7263a92ebeede763c3bd210a5a0393dce697f60d5397344799ce38343ef713c8855db03977570109f98b99c968ce56c457371cfa6dd47a424ee9b08cb8dc586c07782bdb5729b32fd631df93ca8ec4b9d42e9d8bc1d620be5fd8acb4e4678e19b6e3387b87325622e876f3d8f0e11c4dbe41dbba5c8a2433c82ee1393efa5729d859704ea940da709f9f3473589b260cb716bd0e4f67944f80448a7b0f4651bbdaca5e4aa6dcc6565d9f24c34f2e160a371f83f62bab9eca77c4cd684ec675d545e3754cdabf8793c34298682fba0a8f32a3b853f0722295e8e256ec659551e81d264eec51b5580ea476120f2b79fe3cd89b6d6a994e5d8728eae7665310eaa3ccfd92281764f2b54ba68844ebd1e7c3fc984e612c2e8b85c3e1dae533590a350b75c575e42b71dced0a6706c5e10819915c966797ca28bb96de51ba6b5d95eddcb83e93ff2a1fa4089c5ddb0f980bb0058e558de3cbe54a866966285a1e02080c8823d9d0a6ef8fee9bcc9ff003415f8263a5007681c9ee433d0a55942dfb870bb8b4664a612caefd59f92fc55e6bcd782bee7cd70786ddbe51a2bd3af482570968aa2dcdabfc41c074d9058decea7a61aa7a151f401aa7093b08bf04990a17a152a2e3086eccaabba5fbb5a7b65db79df885d4a8a1954e4777942dab5bed1ab4f15a71ab7a226ebf8793aaee70195664b9e863b7d323be205401d0354d0a7b578a37bc58be46b4f56bf0b0344f4434af40354e041baf92173dc18310200760de0ba56a7d37d24f42f4788d11feeb4d9359752e6f7427d94ecd6aec636ce6ff3166e315fcddfb88a332147708391a7cc17f73b42d56c005fcabb42b397ac9e0658b89c6f3bbe21583158086aebb1f57f3f5bfe99f08e97e9197a3c66870b7c39aa90e64409e95b1f93a1704d91ca7c68f19a240d1e10d1747888c61a3c15544a7623c486fd1647b5ebc8a0f89c8ead8450d37e67e19e7788a9dfce08a72dc9a10f6e43c1f6ce62b85afe65578024231d0f6b4c2a9c94ebd3c3458ae8f90cd125fa0689abc268c0d0f06dcb78007ceec4c2ca8e12975d0a8195ce8bc644f48ba2f19185e35e63ce7bfe778e9e51fc99fd4996d6ec6647beecc2e007831a2ee5b85da28e920f1a418ea4bd696ed6eefe7a6b7c653b132f21b3925ca8bc63125cde3c7bcda5c23c1546171b1d8bc46a8ae9b0d8fc9fd3062fad8fb0372b976cb0558dcb215f3c58a926cf20e7075316fdfe8cbb72f98e088e98b8f27aa112c4422223ce53d36a3cebbca58724a8ca287e414ffc0fffd9, 'image/jpeg', 'RJ', '2020-12-07 02:09:42', '2021-01-21 22:27:54');

-- --------------------------------------------------------

--
-- Estrutura da tabela `usuario`
--

DROP TABLE IF EXISTS `usuario`;
CREATE TABLE IF NOT EXISTS `usuario` (
  `id` int(10) NOT NULL AUTO_INCREMENT,
  `nome` varchar(60) NOT NULL,
  `email` varchar(150) DEFAULT NULL,
  `login` varchar(255) DEFAULT NULL,
  `senha` varchar(255) DEFAULT NULL,
  `login_ftd` varchar(255) DEFAULT NULL,
  `senha_ftd` varchar(255) DEFAULT NULL,
  `dt_criacao` timestamp NOT NULL DEFAULT CURRENT_TIMESTAMP,
  `dt_alteracao` timestamp NULL DEFAULT NULL ON UPDATE CURRENT_TIMESTAMP,
  `usuario_tipo_id` tinyint(4) NOT NULL,
  `instituicao_id` int(10) DEFAULT NULL,
  PRIMARY KEY (`id`),
  UNIQUE KEY `login` (`login`,`usuario_tipo_id`) USING BTREE,
  UNIQUE KEY `login_ftd` (`login_ftd`,`usuario_tipo_id`) USING BTREE,
  KEY `usuario_tipo_id` (`usuario_tipo_id`),
  KEY `usuario_instituicao_id` (`instituicao_id`)
) ENGINE=InnoDB AUTO_INCREMENT=4 DEFAULT CHARSET=utf8;

--
-- Extraindo dados da tabela `usuario`
--

INSERT INTO `usuario` (`id`, `nome`, `email`, `login`, `senha`, `login_ftd`, `senha_ftd`, `dt_criacao`, `dt_alteracao`, `usuario_tipo_id`, `instituicao_id`) VALUES
(1, 'admin_ftd', NULL, 'admin', '$2y$10$WU1eKY9rC3MY4xwMlRBMSeHcLbFLzu9o6foKKGHVPkb214jfamz..', '', NULL, '2020-12-06 16:28:08', NULL, 1, NULL),
(2, 'Wellington', 'wellington.mathias@gmal.com', 'wellington', '$2y$10$iZ9oDfC29CoFFMQp1jmLCecTddBbIxiw3.rVEwVcY4Kq/42BTl1Si', 'wellington', '$2y$10$vwx/bzA0m/mM4Pm74b2rfeJVKpq6k5jmOShTdoWUPFs.AW9130XtC', '2020-12-06 16:28:54', '2021-01-21 05:27:10', 2, 1),
(3, 'PROFESSOR', NULL, 'login', '$2y$10$vwx/bzA0m/mM4Pm74b2rfeJVKpq6k5jmOShTdoWUPFs.AW9130XtC', 'login_prof_ftd', '$2y$10$YXJ/ygM7NWpIChy.RvxdXuum9Q0Mr/9KmKr.G7mV2xy5Ek0kRHDUu', '2020-12-12 01:00:59', NULL, 2, 2);

-- --------------------------------------------------------

--
-- Estrutura da tabela `usuario_tipo`
--

DROP TABLE IF EXISTS `usuario_tipo`;
CREATE TABLE IF NOT EXISTS `usuario_tipo` (
  `id` tinyint(4) NOT NULL AUTO_INCREMENT,
  `descricao` varchar(30) NOT NULL,
  PRIMARY KEY (`id`)
) ENGINE=InnoDB AUTO_INCREMENT=3 DEFAULT CHARSET=utf8;

--
-- Extraindo dados da tabela `usuario_tipo`
--

INSERT INTO `usuario_tipo` (`id`, `descricao`) VALUES
(1, 'ADMINISTRADOR'),
(2, 'PROFESSOR');

--
-- Restrições para despejos de tabelas
--

--
-- Limitadores para a tabela `calendario_evento`
--
ALTER TABLE `calendario_evento`
  ADD CONSTRAINT `calendario_id` FOREIGN KEY (`calendario_id`) REFERENCES `calendario` (`id`) ON DELETE CASCADE ON UPDATE CASCADE,
  ADD CONSTRAINT `evento_id` FOREIGN KEY (`evento_id`) REFERENCES `evento` (`id`) ON DELETE CASCADE ON UPDATE CASCADE;

--
-- Limitadores para a tabela `evento`
--
ALTER TABLE `evento`
  ADD CONSTRAINT `evento_tipo_id` FOREIGN KEY (`evento_tipo_id`) REFERENCES `evento_tipo` (`id`) ON UPDATE CASCADE;

--
-- Limitadores para a tabela `usuario`
--
ALTER TABLE `usuario`
  ADD CONSTRAINT `usuario_instituicao_id` FOREIGN KEY (`instituicao_id`) REFERENCES `instituicao` (`id`) ON UPDATE CASCADE,
  ADD CONSTRAINT `usuario_tipo_id` FOREIGN KEY (`usuario_tipo_id`) REFERENCES `usuario_tipo` (`id`) ON UPDATE CASCADE;
COMMIT;

/*!40101 SET CHARACTER_SET_CLIENT=@OLD_CHARACTER_SET_CLIENT */;
/*!40101 SET CHARACTER_SET_RESULTS=@OLD_CHARACTER_SET_RESULTS */;
/*!40101 SET COLLATION_CONNECTION=@OLD_COLLATION_CONNECTION */;
